frame,Ankle.R_x,Ankle.R_y,Ankle.R_z,Knee.R_x,Knee.R_y,Knee.R_z,Hip.R_x,Hip.R_y,Hip.R_z,Hip.L_x,Hip.L_y,Hip.L_z,Knee.L_x,Knee.L_y,Knee.L_z,Ankle.L_x,Ankle.L_y,Ankle.L_z,Wrist.R_x,Wrist.R_y,Wrist.R_z,Elbow.R_x,Elbow.R_y,Elbow.R_z,Shoulder.R_x,Shoulder.R_y,Shoulder.R_z,Shoulder.L_x,Shoulder.L_y,Shoulder.L_z,Elbow.L_x,Elbow.L_y,Elbow.L_z,Wrist.L_x,Wrist.L_y,Wrist.L_z,Neck_x,Neck_y,Neck_z,Head_x,Head_y,Head_z,Nose_x,Nose_y,Nose_z,Eye.L_x,Eye.L_y,Eye.L_z,Eye.R_x,Eye.R_y,Eye.R_z,Ear.L_x,Ear.L_y,Ear.L_z,Ear.R_x,Ear.R_y,Ear.R_z,hip.Center_x,hip.Center_y,hip.Center_z
0,-0.313968,-0.4483019,-0.15338793,-0.097971484,-0.15613164,0.09041995,-0.09100087,0.28039867,0.07186103,0.07694348,0.27740884,-0.11603047,0.26127973,-0.02686243,0.060016,0.2767908,-0.45117718,-0.05973172,0.5055778,0.14999393,0.18228711,0.29892066,0.29559767,0.26551494,0.22891669,0.5667044,0.23607107,0.2800506,0.60065156,-0.048780724,0.2530335,0.37253204,-0.21172462,0.44549724,0.2194258,-0.14101306,0.29218146,0.6337771,0.11117014,0.45094347,0.7796135,0.1644044,0.4772038,0.62672925,0.15966138,0.48709077,0.68117416,0.1310236,0.46748984,0.6771129,0.19535717,0.42022336,0.7371091,0.07305916,0.37653676,0.72726893,0.21852228,-0.007028695195913315,0.2789037525653839,-0.02208472043275833
