frame,Ankle.R_x,Ankle.R_y,Ankle.R_z,Knee.R_x,Knee.R_y,Knee.R_z,Hip.R_x,Hip.R_y,Hip.R_z,Hip.L_x,Hip.L_y,Hip.L_z,Knee.L_x,Knee.L_y,Knee.L_z,Ankle.L_x,Ankle.L_y,Ankle.L_z,Wrist.R_x,Wrist.R_y,Wrist.R_z,Elbow.R_x,Elbow.R_y,Elbow.R_z,Shoulder.R_x,Shoulder.R_y,Shoulder.R_z,Shoulder.L_x,Shoulder.L_y,Shoulder.L_z,Elbow.L_x,Elbow.L_y,Elbow.L_z,Wrist.L_x,Wrist.L_y,Wrist.L_z,Neck_x,Neck_y,Neck_z,Head_x,Head_y,Head_z,Nose_x,Nose_y,Nose_z,Eye.L_x,Eye.L_y,Eye.L_z,Eye.R_x,Eye.R_y,Eye.R_z,Ear.L_x,Ear.L_y,Ear.L_z,Ear.R_x,Ear.R_y,Ear.R_z,hip.Center_x,hip.Center_y,hip.Center_z
0,-0.34259224,-0.4516897,-0.16578852,-0.118693754,-0.15686378,0.07273208,-0.08745191,0.28075475,0.07452114,0.07530848,0.27588034,-0.11729825,0.25871524,-0.033733048,0.050927818,0.2671365,-0.4615823,-0.060758416,0.51231945,0.13384458,0.18173438,0.31458396,0.2923349,0.2649098,0.2472983,0.56322646,0.2292889,0.29020903,0.5938844,-0.05535143,0.27097172,0.36798716,-0.2212773,0.47196624,0.22291876,-0.15475728,0.3072747,0.624577,0.10253625,0.47943407,0.7541444,0.14977416,0.49023756,0.59945697,0.14378077,0.5044952,0.65278214,0.11496352,0.48667443,0.65041095,0.17989044,0.44167954,0.7156347,0.05944495,0.4020173,0.70906675,0.20611884,-0.006071716547012329,0.27831754088401794,-0.02138855680823326
