frame,Ankle.R_x,Ankle.R_y,Ankle.R_z,Knee.R_x,Knee.R_y,Knee.R_z,Hip.R_x,Hip.R_y,Hip.R_z,Hip.L_x,Hip.L_y,Hip.L_z,Knee.L_x,Knee.L_y,Knee.L_z,Ankle.L_x,Ankle.L_y,Ankle.L_z,Wrist.R_x,Wrist.R_y,Wrist.R_z,Elbow.R_x,Elbow.R_y,Elbow.R_z,Shoulder.R_x,Shoulder.R_y,Shoulder.R_z,Shoulder.L_x,Shoulder.L_y,Shoulder.L_z,Elbow.L_x,Elbow.L_y,Elbow.L_z,Wrist.L_x,Wrist.L_y,Wrist.L_z,Neck_x,Neck_y,Neck_z,Head_x,Head_y,Head_z,Nose_x,Nose_y,Nose_z,Eye.L_x,Eye.L_y,Eye.L_z,Eye.R_x,Eye.R_y,Eye.R_z,Ear.L_x,Ear.L_y,Ear.L_z,Ear.R_x,Ear.R_y,Ear.R_z,hip.Center_x,hip.Center_y,hip.Center_z
0,-0.39697057,-0.45039913,-0.11401758,-0.16693181,-0.13699186,0.08943733,-0.08524238,0.28471717,0.073319055,0.07743324,0.27145383,-0.11604788,0.25342685,-0.03987576,0.045002025,0.22595742,-0.45064598,-0.10533054,0.55884874,0.12106683,0.1710866,0.3609353,0.27811635,0.25554702,0.2707567,0.5417492,0.23177749,0.30454966,0.58576715,-0.048595283,0.29304856,0.38410223,-0.24195026,0.49732593,0.23366053,-0.20766282,0.32528186,0.60615164,0.1088577,0.4994453,0.7283272,0.16244563,0.5059189,0.57416993,0.15064347,0.5224236,0.6278534,0.12431998,0.5031131,0.6236822,0.18859091,0.46277946,0.6945417,0.07018918,0.41986406,0.6837952,0.21516193,-0.0039045698940753937,0.27808550000190735,-0.02136441320180893
