frame,Ankle.R_x,Ankle.R_y,Ankle.R_z,Knee.R_x,Knee.R_y,Knee.R_z,Hip.R_x,Hip.R_y,Hip.R_z,Hip.L_x,Hip.L_y,Hip.L_z,Knee.L_x,Knee.L_y,Knee.L_z,Ankle.L_x,Ankle.L_y,Ankle.L_z,Wrist.R_x,Wrist.R_y,Wrist.R_z,Elbow.R_x,Elbow.R_y,Elbow.R_z,Shoulder.R_x,Shoulder.R_y,Shoulder.R_z,Shoulder.L_x,Shoulder.L_y,Shoulder.L_z,Elbow.L_x,Elbow.L_y,Elbow.L_z,Wrist.L_x,Wrist.L_y,Wrist.L_z,Neck_x,Neck_y,Neck_z,Head_x,Head_y,Head_z,Nose_x,Nose_y,Nose_z,Eye.L_x,Eye.L_y,Eye.L_z,Eye.R_x,Eye.R_y,Eye.R_z,Ear.L_x,Ear.L_y,Ear.L_z,Ear.R_x,Ear.R_y,Ear.R_z,hip.Center_x,hip.Center_y,hip.Center_z
0,-0.47309822,-0.423883,-0.11256495,-0.18463421,-0.13266723,0.04738286,-0.060781844,0.27999127,0.09291169,0.05747792,0.2789907,-0.12776709,0.24768904,-0.041471854,-0.021437073,0.19556695,-0.4560048,-0.15233265,0.62872314,0.12102641,0.11367201,0.4224107,0.25626376,0.21475923,0.32782295,0.5194138,0.20135689,0.3237146,0.57432187,-0.07877374,0.30817658,0.37318504,-0.273359,0.5256748,0.23684415,-0.2619686,0.36539397,0.58736587,0.07376664,0.5501499,0.7010094,0.10766306,0.5511244,0.54915625,0.075895414,0.5633961,0.6060088,0.05376391,0.55651075,0.5936242,0.119639136,0.4957841,0.67896885,0.020274583,0.48056692,0.64996153,0.16894233,-0.0016519613564014435,0.27949097752571106,-0.017427697777748108
