frame,Ankle.R_x,Ankle.R_y,Ankle.R_z,Knee.R_x,Knee.R_y,Knee.R_z,Hip.R_x,Hip.R_y,Hip.R_z,Hip.L_x,Hip.L_y,Hip.L_z,Knee.L_x,Knee.L_y,Knee.L_z,Ankle.L_x,Ankle.L_y,Ankle.L_z,Wrist.R_x,Wrist.R_y,Wrist.R_z,Elbow.R_x,Elbow.R_y,Elbow.R_z,Shoulder.R_x,Shoulder.R_y,Shoulder.R_z,Shoulder.L_x,Shoulder.L_y,Shoulder.L_z,Elbow.L_x,Elbow.L_y,Elbow.L_z,Wrist.L_x,Wrist.L_y,Wrist.L_z,Neck_x,Neck_y,Neck_z,Head_x,Head_y,Head_z,Nose_x,Nose_y,Nose_z,Eye.L_x,Eye.L_y,Eye.L_z,Eye.R_x,Eye.R_y,Eye.R_z,Ear.L_x,Ear.L_y,Ear.L_z,Ear.R_x,Ear.R_y,Ear.R_z,hip.Center_x,hip.Center_y,hip.Center_z
0,-0.46144575,-0.3949284,-0.09433525,-0.12785733,-0.15511519,0.05819071,-0.054817654,0.27247432,0.09689699,0.050426856,0.2815389,-0.13145539,0.23023644,-0.056045353,-0.030424668,0.16481856,-0.46310043,-0.18072268,0.6315207,0.11194004,0.08626748,0.42254227,0.23427662,0.19654515,0.32884458,0.49807262,0.20445146,0.32146782,0.5713732,-0.070411414,0.3014766,0.37232667,-0.26586434,0.51925033,0.23641448,-0.2621095,0.36513823,0.57485235,0.08203464,0.5498594,0.68611073,0.11914026,0.5506619,0.5371682,0.076638386,0.56173474,0.5953201,0.058064874,0.5575356,0.5782461,0.12304145,0.49257743,0.66972774,0.032910362,0.48333335,0.6300054,0.17916083,-0.0021953992545604706,0.2770066261291504,-0.01727920025587082
