frame,Ankle.R_x,Ankle.R_y,Ankle.R_z,Knee.R_x,Knee.R_y,Knee.R_z,Hip.R_x,Hip.R_y,Hip.R_z,Hip.L_x,Hip.L_y,Hip.L_z,Knee.L_x,Knee.L_y,Knee.L_z,Ankle.L_x,Ankle.L_y,Ankle.L_z,Wrist.R_x,Wrist.R_y,Wrist.R_z,Elbow.R_x,Elbow.R_y,Elbow.R_z,Shoulder.R_x,Shoulder.R_y,Shoulder.R_z,Shoulder.L_x,Shoulder.L_y,Shoulder.L_z,Elbow.L_x,Elbow.L_y,Elbow.L_z,Wrist.L_x,Wrist.L_y,Wrist.L_z,Neck_x,Neck_y,Neck_z,Head_x,Head_y,Head_z,Nose_x,Nose_y,Nose_z,Eye.L_x,Eye.L_y,Eye.L_z,Eye.R_x,Eye.R_y,Eye.R_z,Ear.L_x,Ear.L_y,Ear.L_z,Ear.R_x,Ear.R_y,Ear.R_z,hip.Center_x,hip.Center_y,hip.Center_z
0,-0.38077256,-0.364087,-0.09576525,-0.033022128,-0.16808821,0.07541309,-0.054934792,0.275276,0.097142294,0.045146093,0.27558804,-0.13668984,0.21082208,-0.07406936,-0.008095836,0.1038447,-0.48789203,-0.11617668,0.62746763,0.09985673,0.10392509,0.41463792,0.22924589,0.20013541,0.3275809,0.4976405,0.18919744,0.3319205,0.54702157,-0.09044208,0.33762863,0.3185845,-0.25339824,0.5565413,0.192601,-0.1971404,0.36876756,0.5645487,0.06274017,0.5539199,0.67616975,0.0955586,0.5521189,0.5222122,0.081541136,0.5674297,0.57562244,0.05363226,0.556269,0.5710184,0.11987755,0.50420094,0.6459919,0.008046852,0.47980845,0.6342108,0.15726125,-0.0048943497240543365,0.2754320204257965,-0.019773773849010468
