frame,Ankle.R_x,Ankle.R_y,Ankle.R_z,Knee.R_x,Knee.R_y,Knee.R_z,Hip.R_x,Hip.R_y,Hip.R_z,Hip.L_x,Hip.L_y,Hip.L_z,Knee.L_x,Knee.L_y,Knee.L_z,Ankle.L_x,Ankle.L_y,Ankle.L_z,Wrist.R_x,Wrist.R_y,Wrist.R_z,Elbow.R_x,Elbow.R_y,Elbow.R_z,Shoulder.R_x,Shoulder.R_y,Shoulder.R_z,Shoulder.L_x,Shoulder.L_y,Shoulder.L_z,Elbow.L_x,Elbow.L_y,Elbow.L_z,Wrist.L_x,Wrist.L_y,Wrist.L_z,Neck_x,Neck_y,Neck_z,Head_x,Head_y,Head_z,Nose_x,Nose_y,Nose_z,Eye.L_x,Eye.L_y,Eye.L_z,Eye.R_x,Eye.R_y,Eye.R_z,Ear.L_x,Ear.L_y,Ear.L_z,Ear.R_x,Ear.R_y,Ear.R_z,hip.Center_x,hip.Center_y,hip.Center_z
0,0.3262769,-0.4949909,-0.06155058,0.198461,-0.084595054,0.049345747,-0.00788586,0.26905853,0.109865546,-0.0171209,0.31080416,-0.14229971,0.12368651,-0.098648205,-0.18057792,-0.06422259,-0.50509167,-0.15533936,0.6610059,0.15133293,0.06918719,0.43428838,0.2632488,0.16789415,0.33561933,0.5344256,0.17031336,0.3105825,0.61490023,-0.10980891,0.30163872,0.37526762,-0.2624979,0.48768917,0.20792231,-0.17529894,0.36001092,0.6198617,0.045163088,0.53802276,0.7481793,0.0787575,0.5491015,0.59150577,0.06875165,0.5604532,0.64668316,0.039972555,0.5468216,0.6426471,0.10627854,0.4926526,0.71136105,-0.013886161,0.4634086,0.7017104,0.13871527,-0.012503379955887794,0.28993135690689087,-0.016217082738876343
