frame,Ankle.R_x,Ankle.R_y,Ankle.R_z,Knee.R_x,Knee.R_y,Knee.R_z,Hip.R_x,Hip.R_y,Hip.R_z,Hip.L_x,Hip.L_y,Hip.L_z,Knee.L_x,Knee.L_y,Knee.L_z,Ankle.L_x,Ankle.L_y,Ankle.L_z,Wrist.R_x,Wrist.R_y,Wrist.R_z,Elbow.R_x,Elbow.R_y,Elbow.R_z,Shoulder.R_x,Shoulder.R_y,Shoulder.R_z,Shoulder.L_x,Shoulder.L_y,Shoulder.L_z,Elbow.L_x,Elbow.L_y,Elbow.L_z,Wrist.L_x,Wrist.L_y,Wrist.L_z,Neck_x,Neck_y,Neck_z,Head_x,Head_y,Head_z,Nose_x,Nose_y,Nose_z,Eye.L_x,Eye.L_y,Eye.L_z,Eye.R_x,Eye.R_y,Eye.R_z,Ear.L_x,Ear.L_y,Ear.L_z,Ear.R_x,Ear.R_y,Ear.R_z,hip.Center_x,hip.Center_y,hip.Center_z
0,-0.17099528,-0.35041422,-0.17268987,-0.30913305,0.023118734,0.007865754,-0.031239044,0.27318114,-0.15438479,0.055346537,0.26909378,0.10017262,-0.22627647,-0.021591261,0.16854596,-0.021692645,-0.393909,0.040085614,-0.29188737,-0.06293486,-0.16810903,-0.29389262,0.20971054,-0.20704012,-0.36794657,0.45429242,-0.09531291,-0.34794703,0.40140462,0.18288946,-0.35285452,0.12160952,0.16917066,-0.44540304,-0.12086803,0.080995455,-0.40449584,0.46203345,0.053577054,-0.61655533,0.5210843,0.06297792,-0.5675154,0.372028,0.072422564,-0.5917193,0.4185612,0.10340213,-0.5941181,0.41404128,0.036467984,-0.5429703,0.50596094,0.13647231,-0.5493506,0.4986119,-0.013846986,0.012053746730089188,0.2711374759674072,-0.027106087654829025
