frame,Ankle.R_x,Ankle.R_y,Ankle.R_z,Knee.R_x,Knee.R_y,Knee.R_z,Hip.R_x,Hip.R_y,Hip.R_z,Hip.L_x,Hip.L_y,Hip.L_z,Knee.L_x,Knee.L_y,Knee.L_z,Ankle.L_x,Ankle.L_y,Ankle.L_z,Wrist.R_x,Wrist.R_y,Wrist.R_z,Elbow.R_x,Elbow.R_y,Elbow.R_z,Shoulder.R_x,Shoulder.R_y,Shoulder.R_z,Shoulder.L_x,Shoulder.L_y,Shoulder.L_z,Elbow.L_x,Elbow.L_y,Elbow.L_z,Wrist.L_x,Wrist.L_y,Wrist.L_z,Neck_x,Neck_y,Neck_z,Head_x,Head_y,Head_z,Nose_x,Nose_y,Nose_z,Eye.L_x,Eye.L_y,Eye.L_z,Eye.R_x,Eye.R_y,Eye.R_z,Ear.L_x,Ear.L_y,Ear.L_z,Ear.R_x,Ear.R_y,Ear.R_z,hip.Center_x,hip.Center_y,hip.Center_z
0,-0.18381016,-0.3570066,-0.16773114,-0.30948755,0.022894822,0.012538675,-0.030514274,0.27033305,-0.15488614,0.05434304,0.26962364,0.10013144,-0.22571541,-0.025692936,0.16892819,-0.01712759,-0.40020487,0.049280968,-0.271022,-0.060069274,-0.18646453,-0.28650132,0.21375217,-0.21351889,-0.3656154,0.4564439,-0.10246981,-0.34715798,0.40691918,0.17667295,-0.33577758,0.12665334,0.17016184,-0.40927887,-0.12483827,0.08973831,-0.40343353,0.46475846,0.04538382,-0.61495805,0.5221989,0.049553737,-0.5655381,0.37322766,0.058967486,-0.59088683,0.4192675,0.089684844,-0.5912651,0.41545272,0.022706728,-0.5436013,0.5065626,0.12499206,-0.5454637,0.5005284,-0.025180053,0.011914383620023727,0.2699783444404602,-0.027377352118492126
