frame,Ankle.R_x,Ankle.R_y,Ankle.R_z,Knee.R_x,Knee.R_y,Knee.R_z,Hip.R_x,Hip.R_y,Hip.R_z,Hip.L_x,Hip.L_y,Hip.L_z,Knee.L_x,Knee.L_y,Knee.L_z,Ankle.L_x,Ankle.L_y,Ankle.L_z,Wrist.R_x,Wrist.R_y,Wrist.R_z,Elbow.R_x,Elbow.R_y,Elbow.R_z,Shoulder.R_x,Shoulder.R_y,Shoulder.R_z,Shoulder.L_x,Shoulder.L_y,Shoulder.L_z,Elbow.L_x,Elbow.L_y,Elbow.L_z,Wrist.L_x,Wrist.L_y,Wrist.L_z,Neck_x,Neck_y,Neck_z,Head_x,Head_y,Head_z,Nose_x,Nose_y,Nose_z,Eye.L_x,Eye.L_y,Eye.L_z,Eye.R_x,Eye.R_y,Eye.R_z,Ear.L_x,Ear.L_y,Ear.L_z,Ear.R_x,Ear.R_y,Ear.R_z,hip.Center_x,hip.Center_y,hip.Center_z
0,-0.15021574,-0.386264,-0.18314679,-0.29427218,-0.006078806,-0.017440997,-0.029600888,0.2681829,-0.15389408,0.049338236,0.26721165,0.10330569,-0.22462237,-0.034330014,0.14459866,-0.023918971,-0.42308235,0.05960664,-0.29855755,-0.08117867,-0.06063408,-0.31399825,0.17613807,-0.15477732,-0.38084763,0.43702585,-0.09715822,-0.3433666,0.4169107,0.17841114,-0.29224554,0.14241947,0.18084884,-0.34253335,-0.113609746,0.10352867,-0.4098252,0.46262664,0.047784105,-0.615656,0.53477824,0.072335556,-0.57171017,0.38627392,0.10151026,-0.58864987,0.438818,0.12682676,-0.60257953,0.4224105,0.063137956,-0.5322299,0.52644515,0.13431717,-0.5635818,0.49370843,-0.008293554,0.009868673980236053,0.267697274684906,-0.025294195860624313
