frame,Ankle.R_x,Ankle.R_y,Ankle.R_z,Knee.R_x,Knee.R_y,Knee.R_z,Hip.R_x,Hip.R_y,Hip.R_z,Hip.L_x,Hip.L_y,Hip.L_z,Knee.L_x,Knee.L_y,Knee.L_z,Ankle.L_x,Ankle.L_y,Ankle.L_z,Wrist.R_x,Wrist.R_y,Wrist.R_z,Elbow.R_x,Elbow.R_y,Elbow.R_z,Shoulder.R_x,Shoulder.R_y,Shoulder.R_z,Shoulder.L_x,Shoulder.L_y,Shoulder.L_z,Elbow.L_x,Elbow.L_y,Elbow.L_z,Wrist.L_x,Wrist.L_y,Wrist.L_z,Neck_x,Neck_y,Neck_z,Head_x,Head_y,Head_z,Nose_x,Nose_y,Nose_z,Eye.L_x,Eye.L_y,Eye.L_z,Eye.R_x,Eye.R_y,Eye.R_z,Ear.L_x,Ear.L_y,Ear.L_z,Ear.R_x,Ear.R_y,Ear.R_z,hip.Center_x,hip.Center_y,hip.Center_z
0,-0.2354657,-0.33231366,-0.20063184,-0.31473264,0.035410542,0.034252733,-0.042562302,0.2705179,-0.15388502,0.067896344,0.26332054,0.0996876,-0.26158565,0.032572664,0.1519998,-0.10830936,-0.36035928,0.007865109,-0.3385469,-0.08887983,0.027355911,-0.35085848,0.15570173,-0.102827355,-0.39041385,0.42790467,-0.0660564,-0.31972966,0.43336934,0.20755029,-0.23070899,0.16858685,0.24295637,-0.25457716,-0.10111626,0.20237328,-0.40300387,0.46451855,0.07707472,-0.60415864,0.5468217,0.11223631,-0.56619406,0.39695257,0.14505629,-0.57821304,0.45158306,0.16921887,-0.59818465,0.43314576,0.107283235,-0.5161644,0.53657985,0.16822329,-0.5609424,0.49840525,0.029458806,0.012667020782828331,0.26691919565200806,-0.02709871158003807
