frame,Ankle.R_x,Ankle.R_y,Ankle.R_z,Knee.R_x,Knee.R_y,Knee.R_z,Hip.R_x,Hip.R_y,Hip.R_z,Hip.L_x,Hip.L_y,Hip.L_z,Knee.L_x,Knee.L_y,Knee.L_z,Ankle.L_x,Ankle.L_y,Ankle.L_z,Wrist.R_x,Wrist.R_y,Wrist.R_z,Elbow.R_x,Elbow.R_y,Elbow.R_z,Shoulder.R_x,Shoulder.R_y,Shoulder.R_z,Shoulder.L_x,Shoulder.L_y,Shoulder.L_z,Elbow.L_x,Elbow.L_y,Elbow.L_z,Wrist.L_x,Wrist.L_y,Wrist.L_z,Neck_x,Neck_y,Neck_z,Head_x,Head_y,Head_z,Nose_x,Nose_y,Nose_z,Eye.L_x,Eye.L_y,Eye.L_z,Eye.R_x,Eye.R_y,Eye.R_z,Ear.L_x,Ear.L_y,Ear.L_z,Ear.R_x,Ear.R_y,Ear.R_z,hip.Center_x,hip.Center_y,hip.Center_z
0,-0.07724405,-0.3456414,-0.30193985,-0.30473414,-0.027973775,-0.09040701,-0.023177095,0.28461683,-0.15486301,0.055948544,0.26293966,0.10487637,-0.28537625,0.09130377,0.15977302,-0.39757442,-0.34267163,0.073799156,-0.35819122,-0.07326083,-0.042448647,-0.34445703,0.18667735,-0.14080924,-0.38030434,0.45737237,-0.07057102,-0.30372754,0.4505843,0.21042404,-0.18703234,0.19095068,0.25064078,-0.17848054,-0.08223669,0.23107803,-0.39371106,0.4883677,0.080783464,-0.5978553,0.5711075,0.12050056,-0.5586399,0.42192265,0.15344791,-0.57030624,0.4775548,0.17733027,-0.59126306,0.45922574,0.11549634,-0.5078196,0.56276536,0.17563084,-0.5555992,0.5229823,0.03557016,0.016385724768042564,0.2737782597541809,-0.024993322789669037
