frame,Ankle.R_x,Ankle.R_y,Ankle.R_z,Knee.R_x,Knee.R_y,Knee.R_z,Hip.R_x,Hip.R_y,Hip.R_z,Hip.L_x,Hip.L_y,Hip.L_z,Knee.L_x,Knee.L_y,Knee.L_z,Ankle.L_x,Ankle.L_y,Ankle.L_z,Wrist.R_x,Wrist.R_y,Wrist.R_z,Elbow.R_x,Elbow.R_y,Elbow.R_z,Shoulder.R_x,Shoulder.R_y,Shoulder.R_z,Shoulder.L_x,Shoulder.L_y,Shoulder.L_z,Elbow.L_x,Elbow.L_y,Elbow.L_z,Wrist.L_x,Wrist.L_y,Wrist.L_z,Neck_x,Neck_y,Neck_z,Head_x,Head_y,Head_z,Nose_x,Nose_y,Nose_z,Eye.L_x,Eye.L_y,Eye.L_z,Eye.R_x,Eye.R_y,Eye.R_z,Ear.L_x,Ear.L_y,Ear.L_z,Ear.R_x,Ear.R_y,Ear.R_z,hip.Center_x,hip.Center_y,hip.Center_z
0,0.0032310956,-0.30294323,-0.2851487,-0.29095435,-0.045987632,-0.081459984,-0.016930282,0.27557582,-0.15863842,0.048586573,0.2704598,0.10759382,-0.30009604,0.11551111,0.14545283,-0.33425018,-0.32521647,0.043348655,-0.40542018,-0.084917106,-0.008430461,-0.38655758,0.17120582,-0.119638145,-0.39494443,0.4477421,-0.09164716,-0.32676342,0.45072156,0.1845521,-0.22671285,0.18873207,0.22926798,-0.219748,-0.08690687,0.21026756,-0.40922615,0.48303166,0.05227816,-0.6078745,0.57270813,0.08744465,-0.57661545,0.422498,0.12637858,-0.5848806,0.47954285,0.14801955,-0.6074441,0.45963347,0.0870727,-0.5180834,0.5614375,0.1422091,-0.56862116,0.51859117,0.003941249,0.015828145667910576,0.2730178236961365,-0.025522299110889435
