frame,Ankle.R_x,Ankle.R_y,Ankle.R_z,Knee.R_x,Knee.R_y,Knee.R_z,Hip.R_x,Hip.R_y,Hip.R_z,Hip.L_x,Hip.L_y,Hip.L_z,Knee.L_x,Knee.L_y,Knee.L_z,Ankle.L_x,Ankle.L_y,Ankle.L_z,Wrist.R_x,Wrist.R_y,Wrist.R_z,Elbow.R_x,Elbow.R_y,Elbow.R_z,Shoulder.R_x,Shoulder.R_y,Shoulder.R_z,Shoulder.L_x,Shoulder.L_y,Shoulder.L_z,Elbow.L_x,Elbow.L_y,Elbow.L_z,Wrist.L_x,Wrist.L_y,Wrist.L_z,Neck_x,Neck_y,Neck_z,Head_x,Head_y,Head_z,Nose_x,Nose_y,Nose_z,Eye.L_x,Eye.L_y,Eye.L_z,Eye.R_x,Eye.R_y,Eye.R_z,Ear.L_x,Ear.L_y,Ear.L_z,Ear.R_x,Ear.R_y,Ear.R_z,hip.Center_x,hip.Center_y,hip.Center_z
0,0.029989615,-0.3440907,-0.27627316,-0.2391212,-0.09015092,-0.031087123,-0.039338656,0.27541742,-0.15313034,0.054304313,0.2622719,0.10455575,-0.23864047,-0.015191016,0.14502485,-0.057238102,-0.40488517,0.003287338,-0.37953272,-0.082618624,-0.1319318,-0.3654613,0.19418073,-0.17455122,-0.39018545,0.45060122,-0.05064033,-0.3186436,0.3970529,0.22656135,-0.2679017,0.112440646,0.24567398,-0.3400515,-0.15258707,0.20662825,-0.4036039,0.45813322,0.10443857,-0.6135127,0.52520406,0.14925596,-0.5667852,0.37485385,0.15239662,-0.5839357,0.42224595,0.18678716,-0.5988997,0.4167035,0.12114033,-0.52794635,0.5088445,0.20849206,-0.5619905,0.49956635,0.06206661,0.007482828572392464,0.2688446640968323,-0.02428729459643364
