frame,Ankle.R_x,Ankle.R_y,Ankle.R_z,Knee.R_x,Knee.R_y,Knee.R_z,Hip.R_x,Hip.R_y,Hip.R_z,Hip.L_x,Hip.L_y,Hip.L_z,Knee.L_x,Knee.L_y,Knee.L_z,Ankle.L_x,Ankle.L_y,Ankle.L_z,Wrist.R_x,Wrist.R_y,Wrist.R_z,Elbow.R_x,Elbow.R_y,Elbow.R_z,Shoulder.R_x,Shoulder.R_y,Shoulder.R_z,Shoulder.L_x,Shoulder.L_y,Shoulder.L_z,Elbow.L_x,Elbow.L_y,Elbow.L_z,Wrist.L_x,Wrist.L_y,Wrist.L_z,Neck_x,Neck_y,Neck_z,Head_x,Head_y,Head_z,Nose_x,Nose_y,Nose_z,Eye.L_x,Eye.L_y,Eye.L_z,Eye.R_x,Eye.R_y,Eye.R_z,Ear.L_x,Ear.L_y,Ear.L_z,Ear.R_x,Ear.R_y,Ear.R_z,hip.Center_x,hip.Center_y,hip.Center_z
0,-0.03198561,-0.37578166,-0.3157434,-0.25643373,-0.023037178,-0.18819854,0.011918991,0.29332617,-0.14649604,0.013596661,0.24980941,0.109952085,-0.2436076,-0.057872117,0.104182296,-0.16626227,-0.49800515,0.03741341,-0.19908783,0.10681426,-0.4415331,-0.19376136,0.35595596,-0.3353019,-0.32881442,0.50405407,-0.13784426,-0.37239733,0.38022035,0.12059745,-0.36310545,0.09686822,0.12749279,-0.44689897,-0.14701538,0.046078693,-0.40115944,0.46804962,-0.000106158666,-0.60371345,0.5379879,0.011869989,-0.57332015,0.3852439,-0.004225541,-0.59164906,0.42868945,0.034299523,-0.5941931,0.43596414,-0.0322828,-0.5341695,0.5022325,0.08003686,-0.539196,0.5208742,-0.06979641,0.01275782659649849,0.27156779170036316,-0.018271978944540024
