frame,Ankle.R_x,Ankle.R_y,Ankle.R_z,Knee.R_x,Knee.R_y,Knee.R_z,Hip.R_x,Hip.R_y,Hip.R_z,Hip.L_x,Hip.L_y,Hip.L_z,Knee.L_x,Knee.L_y,Knee.L_z,Ankle.L_x,Ankle.L_y,Ankle.L_z,Wrist.R_x,Wrist.R_y,Wrist.R_z,Elbow.R_x,Elbow.R_y,Elbow.R_z,Shoulder.R_x,Shoulder.R_y,Shoulder.R_z,Shoulder.L_x,Shoulder.L_y,Shoulder.L_z,Elbow.L_x,Elbow.L_y,Elbow.L_z,Wrist.L_x,Wrist.L_y,Wrist.L_z,Neck_x,Neck_y,Neck_z,Head_x,Head_y,Head_z,Nose_x,Nose_y,Nose_z,Eye.L_x,Eye.L_y,Eye.L_z,Eye.R_x,Eye.R_y,Eye.R_z,Ear.L_x,Ear.L_y,Ear.L_z,Ear.R_x,Ear.R_y,Ear.R_z,hip.Center_x,hip.Center_y,hip.Center_z
0,-0.22550191,-0.39605808,-0.33715212,-0.27281874,-0.022916725,-0.11067722,-0.0050254306,0.28726095,-0.14587326,0.022221379,0.24553894,0.10842761,-0.19175819,-0.11032825,0.0837622,0.009942728,-0.4978724,0.00230736,-0.18284273,0.0978393,-0.38947433,-0.18720385,0.3523386,-0.30372557,-0.30320862,0.5287938,-0.12374555,-0.35349447,0.41315743,0.13381028,-0.3483624,0.13156967,0.124821424,-0.4084293,-0.11758869,0.047755204,-0.37740955,0.503153,0.012637675,-0.5789366,0.58198434,0.012359875,-0.54919726,0.42948997,0.0013160503,-0.5690892,0.4732833,0.037738238,-0.5684979,0.47879648,-0.02868445,-0.5135875,0.54747254,0.08361906,-0.51150584,0.56158733,-0.06411356,0.008597973734140396,0.26639994978904724,-0.01872282847762108
