frame,Ankle.R_x,Ankle.R_y,Ankle.R_z,Knee.R_x,Knee.R_y,Knee.R_z,Hip.R_x,Hip.R_y,Hip.R_z,Hip.L_x,Hip.L_y,Hip.L_z,Knee.L_x,Knee.L_y,Knee.L_z,Ankle.L_x,Ankle.L_y,Ankle.L_z,Wrist.R_x,Wrist.R_y,Wrist.R_z,Elbow.R_x,Elbow.R_y,Elbow.R_z,Shoulder.R_x,Shoulder.R_y,Shoulder.R_z,Shoulder.L_x,Shoulder.L_y,Shoulder.L_z,Elbow.L_x,Elbow.L_y,Elbow.L_z,Wrist.L_x,Wrist.L_y,Wrist.L_z,Neck_x,Neck_y,Neck_z,Head_x,Head_y,Head_z,Nose_x,Nose_y,Nose_z,Eye.L_x,Eye.L_y,Eye.L_z,Eye.R_x,Eye.R_y,Eye.R_z,Ear.L_x,Ear.L_y,Ear.L_z,Ear.R_x,Ear.R_y,Ear.R_z,hip.Center_x,hip.Center_y,hip.Center_z
0,-0.17997253,-0.4215989,-0.16873,-0.2883085,-0.013521692,-0.053709686,-0.010924314,0.2724171,-0.1523007,0.031582166,0.26224387,0.10816399,-0.24199209,-0.049160656,0.1111597,-0.011116878,-0.41443563,0.027376711,-0.24244851,0.039571274,-0.3189228,-0.2459766,0.30653107,-0.2790313,-0.33297506,0.51956,-0.13215548,-0.34154493,0.45336133,0.14543469,-0.28837132,0.18016994,0.1678296,-0.29955322,-0.08300238,0.117406525,-0.38531893,0.51997465,0.013639188,-0.58239293,0.61024594,0.033591747,-0.5576796,0.45635104,0.05313179,-0.5682776,0.50872254,0.08159605,-0.58290416,0.49837613,0.01693463,-0.50284165,0.5878217,0.09499338,-0.5338449,0.56783277,-0.049310107,0.010328926146030426,0.26733046770095825,-0.022068355232477188
