frame,Ankle.R_x,Ankle.R_y,Ankle.R_z,Knee.R_x,Knee.R_y,Knee.R_z,Hip.R_x,Hip.R_y,Hip.R_z,Hip.L_x,Hip.L_y,Hip.L_z,Knee.L_x,Knee.L_y,Knee.L_z,Ankle.L_x,Ankle.L_y,Ankle.L_z,Wrist.R_x,Wrist.R_y,Wrist.R_z,Elbow.R_x,Elbow.R_y,Elbow.R_z,Shoulder.R_x,Shoulder.R_y,Shoulder.R_z,Shoulder.L_x,Shoulder.L_y,Shoulder.L_z,Elbow.L_x,Elbow.L_y,Elbow.L_z,Wrist.L_x,Wrist.L_y,Wrist.L_z,Neck_x,Neck_y,Neck_z,Head_x,Head_y,Head_z,Nose_x,Nose_y,Nose_z,Eye.L_x,Eye.L_y,Eye.L_z,Eye.R_x,Eye.R_y,Eye.R_z,Ear.L_x,Ear.L_y,Ear.L_z,Ear.R_x,Ear.R_y,Ear.R_z,hip.Center_x,hip.Center_y,hip.Center_z
0,-0.18724388,-0.30000955,-0.29402262,-0.33589816,0.06697862,-0.0980332,0.0009441178,0.29590356,-0.15444893,0.032653876,0.2536136,0.114151165,-0.30748108,0.03243304,0.08629753,-0.1600698,-0.36857823,-0.04746737,-0.3718167,0.020688623,-0.24849923,-0.31394187,0.291991,-0.25623125,-0.32990146,0.5403081,-0.12347832,-0.32356164,0.47464982,0.16851959,-0.2909923,0.19099522,0.19602115,-0.35564876,-0.07301246,0.15555988,-0.37561223,0.5453985,0.027853552,-0.5919157,0.6215914,0.034493923,-0.54820704,0.46974486,0.03020366,-0.5706862,0.5143482,0.06571977,-0.57285374,0.51634324,-0.0019848924,-0.5191079,0.5976143,0.10743294,-0.52322835,0.6038519,-0.045188554,0.016798997297883034,0.27475857734680176,-0.020148880779743195
