frame,Ankle.R_x,Ankle.R_y,Ankle.R_z,Knee.R_x,Knee.R_y,Knee.R_z,Hip.R_x,Hip.R_y,Hip.R_z,Hip.L_x,Hip.L_y,Hip.L_z,Knee.L_x,Knee.L_y,Knee.L_z,Ankle.L_x,Ankle.L_y,Ankle.L_z,Wrist.R_x,Wrist.R_y,Wrist.R_z,Elbow.R_x,Elbow.R_y,Elbow.R_z,Shoulder.R_x,Shoulder.R_y,Shoulder.R_z,Shoulder.L_x,Shoulder.L_y,Shoulder.L_z,Elbow.L_x,Elbow.L_y,Elbow.L_z,Wrist.L_x,Wrist.L_y,Wrist.L_z,Neck_x,Neck_y,Neck_z,Head_x,Head_y,Head_z,Nose_x,Nose_y,Nose_z,Eye.L_x,Eye.L_y,Eye.L_z,Eye.R_x,Eye.R_y,Eye.R_z,Ear.L_x,Ear.L_y,Ear.L_z,Ear.R_x,Ear.R_y,Ear.R_z,hip.Center_x,hip.Center_y,hip.Center_z
0,-0.2175243,-0.37988168,-0.22134255,-0.3125046,0.01205945,-0.043820273,-0.017229374,0.27416736,-0.15394941,0.041243996,0.2612667,0.10694718,-0.25303212,-0.027873743,0.11929269,-0.12220975,-0.4497619,0.046830464,-0.39843792,0.0060950005,-0.13040246,-0.33166435,0.26226842,-0.19839719,-0.34034497,0.52260506,-0.118100375,-0.32086483,0.4905542,0.16213271,-0.2987999,0.21482824,0.19145516,-0.37459144,-0.040826157,0.14242233,-0.37292793,0.5440391,0.025721533,-0.57031083,0.6390128,0.044854164,-0.54761,0.4833902,0.056354,-0.5595423,0.5343016,0.08749243,-0.5704448,0.528299,0.021350034,-0.4933812,0.6125604,0.110282846,-0.51703507,0.60145676,-0.03771507,0.01200731098651886,0.26771703362464905,-0.023501113057136536
