frame,Ankle.R_x,Ankle.R_y,Ankle.R_z,Knee.R_x,Knee.R_y,Knee.R_z,Hip.R_x,Hip.R_y,Hip.R_z,Hip.L_x,Hip.L_y,Hip.L_z,Knee.L_x,Knee.L_y,Knee.L_z,Ankle.L_x,Ankle.L_y,Ankle.L_z,Wrist.R_x,Wrist.R_y,Wrist.R_z,Elbow.R_x,Elbow.R_y,Elbow.R_z,Shoulder.R_x,Shoulder.R_y,Shoulder.R_z,Shoulder.L_x,Shoulder.L_y,Shoulder.L_z,Elbow.L_x,Elbow.L_y,Elbow.L_z,Wrist.L_x,Wrist.L_y,Wrist.L_z,Neck_x,Neck_y,Neck_z,Head_x,Head_y,Head_z,Nose_x,Nose_y,Nose_z,Eye.L_x,Eye.L_y,Eye.L_z,Eye.R_x,Eye.R_y,Eye.R_z,Ear.L_x,Ear.L_y,Ear.L_z,Ear.R_x,Ear.R_y,Ear.R_z,hip.Center_x,hip.Center_y,hip.Center_z
0,0.0705121,-0.50788784,-0.3033518,-0.06308806,-0.12561858,-0.13479742,-0.057127908,0.3100561,-0.124685116,0.040097475,0.28442553,0.09697761,-0.0009187313,-0.14041393,0.028566945,0.10336227,-0.54382694,-0.10604896,0.023139056,0.28008345,-0.32837427,0.015917404,0.5371518,-0.26510406,-0.073984355,0.7706162,-0.14082152,0.0040729735,0.7832532,0.1480067,0.16183323,0.5547254,0.1789304,0.18580379,0.29564643,0.18419509,-0.080444984,0.8406514,0.018944744,-0.17917281,1.0500929,0.057738338,-0.25169164,0.91603565,0.104320474,-0.2166673,0.96777445,0.12132516,-0.24977732,0.9655233,0.062357463,-0.11278272,0.9838606,0.110488124,-0.18608595,0.9797162,-0.025006175,-0.008515216410160065,0.2972407937049866,-0.013853754848241806
