frame,Ankle.R_x,Ankle.R_y,Ankle.R_z,Knee.R_x,Knee.R_y,Knee.R_z,Hip.R_x,Hip.R_y,Hip.R_z,Hip.L_x,Hip.L_y,Hip.L_z,Knee.L_x,Knee.L_y,Knee.L_z,Ankle.L_x,Ankle.L_y,Ankle.L_z,Wrist.R_x,Wrist.R_y,Wrist.R_z,Elbow.R_x,Elbow.R_y,Elbow.R_z,Shoulder.R_x,Shoulder.R_y,Shoulder.R_z,Shoulder.L_x,Shoulder.L_y,Shoulder.L_z,Elbow.L_x,Elbow.L_y,Elbow.L_z,Wrist.L_x,Wrist.L_y,Wrist.L_z,Neck_x,Neck_y,Neck_z,Head_x,Head_y,Head_z,Nose_x,Nose_y,Nose_z,Eye.L_x,Eye.L_y,Eye.L_z,Eye.R_x,Eye.R_y,Eye.R_z,Ear.L_x,Ear.L_y,Ear.L_z,Ear.R_x,Ear.R_y,Ear.R_z,hip.Center_x,hip.Center_y,hip.Center_z
0,0.098708525,-0.50331694,-0.29293865,-0.05872202,-0.12513676,-0.14030044,-0.045673706,0.30976897,-0.12941018,0.028934501,0.28316805,0.10019975,-0.012227967,-0.14070058,0.03244695,0.1175693,-0.53742945,-0.09652041,0.042468045,0.28599927,-0.3230064,0.043211095,0.54276323,-0.26277816,-0.05892424,0.7716776,-0.14068082,-0.00734972,0.7770811,0.15365522,0.1523639,0.5514,0.190403,0.17790551,0.2932354,0.18275942,-0.080199994,0.8369731,0.019296536,-0.18590555,1.042802,0.054520626,-0.2573583,0.9061945,0.093774006,-0.22500214,0.95827186,0.11393066,-0.25422108,0.9564416,0.053034477,-0.12144916,0.9773324,0.109928355,-0.18575454,0.9741043,-0.029781777,-0.008369602262973785,0.29646849632263184,-0.014605212956666946
