frame,Ankle.R_x,Ankle.R_y,Ankle.R_z,Knee.R_x,Knee.R_y,Knee.R_z,Hip.R_x,Hip.R_y,Hip.R_z,Hip.L_x,Hip.L_y,Hip.L_z,Knee.L_x,Knee.L_y,Knee.L_z,Ankle.L_x,Ankle.L_y,Ankle.L_z,Wrist.R_x,Wrist.R_y,Wrist.R_z,Elbow.R_x,Elbow.R_y,Elbow.R_z,Shoulder.R_x,Shoulder.R_y,Shoulder.R_z,Shoulder.L_x,Shoulder.L_y,Shoulder.L_z,Elbow.L_x,Elbow.L_y,Elbow.L_z,Wrist.L_x,Wrist.L_y,Wrist.L_z,Neck_x,Neck_y,Neck_z,Head_x,Head_y,Head_z,Nose_x,Nose_y,Nose_z,Eye.L_x,Eye.L_y,Eye.L_z,Eye.R_x,Eye.R_y,Eye.R_z,Ear.L_x,Ear.L_y,Ear.L_z,Ear.R_x,Ear.R_y,Ear.R_z,hip.Center_x,hip.Center_y,hip.Center_z
0,0.047415115,-0.3779297,-0.29177737,-0.20801856,-0.07239425,-0.13520631,-0.0141622,0.31355935,-0.13985017,0.017196704,0.28630757,0.106447585,-0.12626286,-0.1165292,0.06143676,0.102340795,-0.46631184,-0.055575084,-0.086702116,0.28867203,-0.30661473,-0.0067999996,0.53430676,-0.26352313,-0.12386724,0.75481105,-0.13170971,-0.14292017,0.71895933,0.1807509,-0.04162172,0.46236297,0.24670978,-0.19216563,0.26100662,0.1979128,-0.1817059,0.8009943,0.032498635,-0.29039985,1.0084238,0.05793101,-0.36981288,0.8727004,0.083875105,-0.33922875,0.9231989,0.109591715,-0.36046982,0.9236349,0.045050662,-0.23530573,0.9393282,0.11972256,-0.28142402,0.9415722,-0.029161865,0.0015172520652413368,0.29993346333503723,-0.016701292246580124
