frame,Ankle.R_x,Ankle.R_y,Ankle.R_z,Knee.R_x,Knee.R_y,Knee.R_z,Hip.R_x,Hip.R_y,Hip.R_z,Hip.L_x,Hip.L_y,Hip.L_z,Knee.L_x,Knee.L_y,Knee.L_z,Ankle.L_x,Ankle.L_y,Ankle.L_z,Wrist.R_x,Wrist.R_y,Wrist.R_z,Elbow.R_x,Elbow.R_y,Elbow.R_z,Shoulder.R_x,Shoulder.R_y,Shoulder.R_z,Shoulder.L_x,Shoulder.L_y,Shoulder.L_z,Elbow.L_x,Elbow.L_y,Elbow.L_z,Wrist.L_x,Wrist.L_y,Wrist.L_z,Neck_x,Neck_y,Neck_z,Head_x,Head_y,Head_z,Nose_x,Nose_y,Nose_z,Eye.L_x,Eye.L_y,Eye.L_z,Eye.R_x,Eye.R_y,Eye.R_z,Ear.L_x,Ear.L_y,Ear.L_z,Ear.R_x,Ear.R_y,Ear.R_z,hip.Center_x,hip.Center_y,hip.Center_z
0,0.067707464,-0.38828194,-0.26579612,-0.20723586,-0.087729774,-0.13120736,-0.018383596,0.30174977,-0.14244774,0.02166443,0.2740037,0.105654754,-0.15075558,-0.11742096,0.06685267,0.100729175,-0.4566084,-0.040982764,-0.26972732,0.3170367,-0.2160029,-0.07721165,0.48527318,-0.25410634,-0.15096617,0.721499,-0.1177526,-0.15342855,0.6703968,0.19182938,-0.13248238,0.38575906,0.22378115,-0.37758502,0.31946617,0.21190359,-0.1886773,0.7635832,0.049399614,-0.28739268,0.97235584,0.07149162,-0.3681308,0.8407192,0.108183764,-0.33694524,0.89123297,0.13010515,-0.36043802,0.8884449,0.06683274,-0.23319632,0.90550447,0.13454902,-0.28402567,0.90169203,-0.010119984,0.00164041668176651,0.2878767251968384,-0.018396493047475815
