frame,Ankle.R_x,Ankle.R_y,Ankle.R_z,Knee.R_x,Knee.R_y,Knee.R_z,Hip.R_x,Hip.R_y,Hip.R_z,Hip.L_x,Hip.L_y,Hip.L_z,Knee.L_x,Knee.L_y,Knee.L_z,Ankle.L_x,Ankle.L_y,Ankle.L_z,Wrist.R_x,Wrist.R_y,Wrist.R_z,Elbow.R_x,Elbow.R_y,Elbow.R_z,Shoulder.R_x,Shoulder.R_y,Shoulder.R_z,Shoulder.L_x,Shoulder.L_y,Shoulder.L_z,Elbow.L_x,Elbow.L_y,Elbow.L_z,Wrist.L_x,Wrist.L_y,Wrist.L_z,Neck_x,Neck_y,Neck_z,Head_x,Head_y,Head_z,Nose_x,Nose_y,Nose_z,Eye.L_x,Eye.L_y,Eye.L_z,Eye.R_x,Eye.R_y,Eye.R_z,Ear.L_x,Ear.L_y,Ear.L_z,Ear.R_x,Ear.R_y,Ear.R_z,hip.Center_x,hip.Center_y,hip.Center_z
0,0.15916242,-0.5531865,-0.21392563,0.0019445773,-0.15601593,-0.12107517,-0.05581256,0.26924205,-0.1303095,0.024779499,0.2616528,0.10004033,0.06967582,-0.15600394,0.046954334,0.21496364,-0.5651033,-0.009362057,-0.2896164,0.69510597,-0.17444853,-0.14973295,0.5470235,-0.30894834,-0.060299173,0.74138916,-0.14815903,-0.04558705,0.73922634,0.1250547,-0.22515012,0.5482472,0.18216336,-0.39187196,0.7060817,0.08962198,-0.05915201,0.79189104,-0.0114064915,-0.14818995,0.99420154,-0.0020655459,-0.21444565,0.86369246,0.056222223,-0.18524212,0.9169769,0.06953259,-0.21706781,0.9068537,0.01167997,-0.0846912,0.9383471,0.056586206,-0.1508989,0.9173959,-0.073319264,-0.015516530722379684,0.2654474377632141,-0.01513458788394928
