frame,Ankle.R_x,Ankle.R_y,Ankle.R_z,Knee.R_x,Knee.R_y,Knee.R_z,Hip.R_x,Hip.R_y,Hip.R_z,Hip.L_x,Hip.L_y,Hip.L_z,Knee.L_x,Knee.L_y,Knee.L_z,Ankle.L_x,Ankle.L_y,Ankle.L_z,Wrist.R_x,Wrist.R_y,Wrist.R_z,Elbow.R_x,Elbow.R_y,Elbow.R_z,Shoulder.R_x,Shoulder.R_y,Shoulder.R_z,Shoulder.L_x,Shoulder.L_y,Shoulder.L_z,Elbow.L_x,Elbow.L_y,Elbow.L_z,Wrist.L_x,Wrist.L_y,Wrist.L_z,Neck_x,Neck_y,Neck_z,Head_x,Head_y,Head_z,Nose_x,Nose_y,Nose_z,Eye.L_x,Eye.L_y,Eye.L_z,Eye.R_x,Eye.R_y,Eye.R_z,Ear.L_x,Ear.L_y,Ear.L_z,Ear.R_x,Ear.R_y,Ear.R_z,hip.Center_x,hip.Center_y,hip.Center_z
0,0.15727043,-0.43068588,-0.21692324,-0.14706308,-0.13504753,-0.13576591,-0.03513061,0.28084436,-0.14176716,0.02806567,0.27523404,0.10049029,-0.123485304,-0.12970364,0.09398708,0.18487066,-0.4318573,0.041822296,-0.3204644,0.68263817,-0.14706604,-0.19923168,0.5202684,-0.28595498,-0.09860707,0.737617,-0.15643755,-0.03489648,0.75886214,0.125747,-0.19476177,0.6221085,0.2985512,-0.36045486,0.7875201,0.21356359,-0.077794604,0.7988372,-0.012766291,-0.17619339,0.9957957,0.028313372,-0.2199521,0.8598789,0.09358381,-0.1897303,0.9139047,0.10201457,-0.23444223,0.9051225,0.052918993,-0.09650296,0.9409908,0.06586841,-0.19391872,0.9216704,-0.047660954,-0.0035324692726135254,0.27803921699523926,-0.02063843607902527
