frame,Ankle.R_x,Ankle.R_y,Ankle.R_z,Knee.R_x,Knee.R_y,Knee.R_z,Hip.R_x,Hip.R_y,Hip.R_z,Hip.L_x,Hip.L_y,Hip.L_z,Knee.L_x,Knee.L_y,Knee.L_z,Ankle.L_x,Ankle.L_y,Ankle.L_z,Wrist.R_x,Wrist.R_y,Wrist.R_z,Elbow.R_x,Elbow.R_y,Elbow.R_z,Shoulder.R_x,Shoulder.R_y,Shoulder.R_z,Shoulder.L_x,Shoulder.L_y,Shoulder.L_z,Elbow.L_x,Elbow.L_y,Elbow.L_z,Wrist.L_x,Wrist.L_y,Wrist.L_z,Neck_x,Neck_y,Neck_z,Head_x,Head_y,Head_z,Nose_x,Nose_y,Nose_z,Eye.L_x,Eye.L_y,Eye.L_z,Eye.R_x,Eye.R_y,Eye.R_z,Ear.L_x,Ear.L_y,Ear.L_z,Ear.R_x,Ear.R_y,Ear.R_z,hip.Center_x,hip.Center_y,hip.Center_z
0,-0.003462211,-0.48891115,-0.19706273,-0.2014226,-0.10249811,-0.14962856,-0.018340835,0.28207096,-0.14627221,0.021523809,0.27739218,0.10451464,-0.18716529,-0.100046806,0.07595697,0.010969752,-0.49239925,0.05345922,-0.29071864,0.5477846,-0.19543257,-0.09383984,0.47574276,-0.3282105,-0.11528223,0.7110921,-0.18235448,-0.050931245,0.73957,0.11317138,-0.05991018,0.50942206,0.2696421,-0.28607377,0.6045452,0.23703158,-0.11434542,0.780489,-0.028235687,-0.23784284,0.96431875,0.020972287,-0.24147588,0.8279815,0.1001576,-0.21950775,0.8863943,0.09896596,-0.2725787,0.86709833,0.062343672,-0.14390899,0.9249331,0.0405526,-0.26096368,0.88224554,-0.04614824,0.001591486856341362,0.2797315716743469,-0.020878784358501434
