frame,Ankle.R_x,Ankle.R_y,Ankle.R_z,Knee.R_x,Knee.R_y,Knee.R_z,Hip.R_x,Hip.R_y,Hip.R_z,Hip.L_x,Hip.L_y,Hip.L_z,Knee.L_x,Knee.L_y,Knee.L_z,Ankle.L_x,Ankle.L_y,Ankle.L_z,Wrist.R_x,Wrist.R_y,Wrist.R_z,Elbow.R_x,Elbow.R_y,Elbow.R_z,Shoulder.R_x,Shoulder.R_y,Shoulder.R_z,Shoulder.L_x,Shoulder.L_y,Shoulder.L_z,Elbow.L_x,Elbow.L_y,Elbow.L_z,Wrist.L_x,Wrist.L_y,Wrist.L_z,Neck_x,Neck_y,Neck_z,Head_x,Head_y,Head_z,Nose_x,Nose_y,Nose_z,Eye.L_x,Eye.L_y,Eye.L_z,Eye.R_x,Eye.R_y,Eye.R_z,Ear.L_x,Ear.L_y,Ear.L_z,Ear.R_x,Ear.R_y,Ear.R_z,hip.Center_x,hip.Center_y,hip.Center_z
0,-0.119017385,-0.49825907,-0.27778772,-0.17520845,-0.085148826,-0.15530102,-0.017158508,0.3105856,-0.13759376,0.020227449,0.28290567,0.106209494,-0.16091023,-0.09809176,0.04889249,-0.17063794,-0.52375126,-0.037899915,-0.21409431,0.5180196,-0.1939845,0.0041383235,0.5352359,-0.31814626,-0.0747029,0.75414336,-0.16110742,-0.047221728,0.76330745,0.14696038,0.0742487,0.5304545,0.25088912,-0.12346857,0.39713478,0.17603041,-0.105249256,0.8172646,-0.0022947937,-0.2550594,1.0006542,0.01436164,-0.28933465,0.85213673,0.057919264,-0.27299172,0.9110604,0.07692591,-0.2978428,0.89901507,0.015009873,-0.17783847,0.95727146,0.07663829,-0.2325407,0.9320245,-0.06642939,0.0015344703570008278,0.296745628118515,-0.015692133456468582
