frame,Ankle.R_x,Ankle.R_y,Ankle.R_z,Knee.R_x,Knee.R_y,Knee.R_z,Hip.R_x,Hip.R_y,Hip.R_z,Hip.L_x,Hip.L_y,Hip.L_z,Knee.L_x,Knee.L_y,Knee.L_z,Ankle.L_x,Ankle.L_y,Ankle.L_z,Wrist.R_x,Wrist.R_y,Wrist.R_z,Elbow.R_x,Elbow.R_y,Elbow.R_z,Shoulder.R_x,Shoulder.R_y,Shoulder.R_z,Shoulder.L_x,Shoulder.L_y,Shoulder.L_z,Elbow.L_x,Elbow.L_y,Elbow.L_z,Wrist.L_x,Wrist.L_y,Wrist.L_z,Neck_x,Neck_y,Neck_z,Head_x,Head_y,Head_z,Nose_x,Nose_y,Nose_z,Eye.L_x,Eye.L_y,Eye.L_z,Eye.R_x,Eye.R_y,Eye.R_z,Ear.L_x,Ear.L_y,Ear.L_z,Ear.R_x,Ear.R_y,Ear.R_z,hip.Center_x,hip.Center_y,hip.Center_z
0,-0.11375325,-0.57477605,-0.35062462,-0.104259886,-0.21413514,-0.016149098,-0.13314816,0.2590927,-0.014420296,0.12756652,0.25448725,-0.023785586,0.10006669,-0.21320194,0.010222151,0.08060564,-0.5876379,-0.3131565,-0.2581001,0.13732633,0.06958538,-0.24140054,0.40433797,-0.028790336,-0.15210707,0.6856162,0.022872232,0.15615454,0.68794525,0.010744669,0.23051426,0.4085054,-0.06881202,0.2461152,0.13745832,0.0066799917,0.004056575,0.75808764,0.046445016,-0.0052443203,0.97371334,0.09055888,-0.011170993,0.8700784,0.20823127,0.0234768,0.91516316,0.17884755,-0.04335352,0.9111737,0.17017105,0.07552583,0.9049424,0.08971946,-0.07266158,0.8970213,0.070315816,-0.0027908235788345337,0.2567899823188782,-0.01910294033586979
