frame,Ankle.R_x,Ankle.R_y,Ankle.R_z,Knee.R_x,Knee.R_y,Knee.R_z,Hip.R_x,Hip.R_y,Hip.R_z,Hip.L_x,Hip.L_y,Hip.L_z,Knee.L_x,Knee.L_y,Knee.L_z,Ankle.L_x,Ankle.L_y,Ankle.L_z,Wrist.R_x,Wrist.R_y,Wrist.R_z,Elbow.R_x,Elbow.R_y,Elbow.R_z,Shoulder.R_x,Shoulder.R_y,Shoulder.R_z,Shoulder.L_x,Shoulder.L_y,Shoulder.L_z,Elbow.L_x,Elbow.L_y,Elbow.L_z,Wrist.L_x,Wrist.L_y,Wrist.L_z,Neck_x,Neck_y,Neck_z,Head_x,Head_y,Head_z,Nose_x,Nose_y,Nose_z,Eye.L_x,Eye.L_y,Eye.L_z,Eye.R_x,Eye.R_y,Eye.R_z,Ear.L_x,Ear.L_y,Ear.L_z,Ear.R_x,Ear.R_y,Ear.R_z,hip.Center_x,hip.Center_y,hip.Center_z
0,-0.12030146,-0.54818076,-0.32411847,-0.107443996,-0.2124078,0.02892927,-0.1333867,0.25883782,-0.015887957,0.1279692,0.25492215,-0.028661776,0.1098457,-0.2019957,0.07632238,0.075863056,-0.5530049,-0.26399854,-0.25893554,0.12867951,0.066679865,-0.24167958,0.39766356,-0.022718571,-0.15273258,0.6780268,0.031589188,0.1551722,0.68496746,0.0152428625,0.23573197,0.41129482,-0.0739197,0.25931442,0.14190993,0.00044425123,0.0025673993,0.75263256,0.05339285,-0.008450687,0.9685052,0.092132986,-0.017937545,0.86830384,0.21191084,0.01733491,0.9128466,0.182856,-0.04898996,0.90811384,0.1717839,0.07264113,0.9005443,0.09618591,-0.07445378,0.89109826,0.07173778,-0.002708747982978821,0.256879985332489,-0.022274866700172424
