frame,Ankle.R_x,Ankle.R_y,Ankle.R_z,Knee.R_x,Knee.R_y,Knee.R_z,Hip.R_x,Hip.R_y,Hip.R_z,Hip.L_x,Hip.L_y,Hip.L_z,Knee.L_x,Knee.L_y,Knee.L_z,Ankle.L_x,Ankle.L_y,Ankle.L_z,Wrist.R_x,Wrist.R_y,Wrist.R_z,Elbow.R_x,Elbow.R_y,Elbow.R_z,Shoulder.R_x,Shoulder.R_y,Shoulder.R_z,Shoulder.L_x,Shoulder.L_y,Shoulder.L_z,Elbow.L_x,Elbow.L_y,Elbow.L_z,Wrist.L_x,Wrist.L_y,Wrist.L_z,Neck_x,Neck_y,Neck_z,Head_x,Head_y,Head_z,Nose_x,Nose_y,Nose_z,Eye.L_x,Eye.L_y,Eye.L_z,Eye.R_x,Eye.R_y,Eye.R_z,Ear.L_x,Ear.L_y,Ear.L_z,Ear.R_x,Ear.R_y,Ear.R_z,hip.Center_x,hip.Center_y,hip.Center_z
0,-0.12033149,-0.5144498,-0.29087883,-0.12429363,-0.20191918,0.076791815,-0.13351433,0.26061878,-0.021507768,0.12882729,0.2551792,-0.028044738,0.104582205,-0.19312403,0.10915425,0.071144365,-0.5212945,-0.24852967,-0.27317917,0.12314026,0.0793831,-0.24754477,0.39188534,-0.0074795038,-0.15466312,0.67217946,0.04508429,0.15442581,0.6821443,0.028742813,0.23805046,0.4115238,-0.06587654,0.26129055,0.14368443,0.011596112,0.0013614278,0.74905074,0.0666286,-0.0030351244,0.96625507,0.095540605,-0.011069605,0.87359214,0.22116119,0.024617769,0.9150036,0.18803701,-0.042362005,0.91241777,0.18029161,0.07514172,0.8954667,0.10005689,-0.073291846,0.8907064,0.08260348,-0.0023435205221176147,0.2578989863395691,-0.02477625384926796
