frame,Ankle.R_x,Ankle.R_y,Ankle.R_z,Knee.R_x,Knee.R_y,Knee.R_z,Hip.R_x,Hip.R_y,Hip.R_z,Hip.L_x,Hip.L_y,Hip.L_z,Knee.L_x,Knee.L_y,Knee.L_z,Ankle.L_x,Ankle.L_y,Ankle.L_z,Wrist.R_x,Wrist.R_y,Wrist.R_z,Elbow.R_x,Elbow.R_y,Elbow.R_z,Shoulder.R_x,Shoulder.R_y,Shoulder.R_z,Shoulder.L_x,Shoulder.L_y,Shoulder.L_z,Elbow.L_x,Elbow.L_y,Elbow.L_z,Wrist.L_x,Wrist.L_y,Wrist.L_z,Neck_x,Neck_y,Neck_z,Head_x,Head_y,Head_z,Nose_x,Nose_y,Nose_z,Eye.L_x,Eye.L_y,Eye.L_z,Eye.R_x,Eye.R_y,Eye.R_z,Ear.L_x,Ear.L_y,Ear.L_z,Ear.R_x,Ear.R_y,Ear.R_z,hip.Center_x,hip.Center_y,hip.Center_z
0,-0.11811357,-0.502958,-0.2660524,-0.13611929,-0.17968324,0.07896794,-0.13284051,0.27343357,-0.026281238,0.12697424,0.2677172,-0.023555692,0.10120761,-0.17837808,0.09450875,0.08992229,-0.50179887,-0.25546598,-0.32999945,0.20471098,0.12431805,-0.26878482,0.43477255,-0.01821342,-0.15504318,0.7043768,0.03655726,0.15721755,0.70978147,0.024963805,0.26462513,0.44682664,-0.06048155,0.32563064,0.22495314,0.087229095,0.0027577206,0.7786392,0.06085122,-0.0002334211,0.99926305,0.08982498,-0.0252653,0.9066805,0.21437855,0.014767536,0.94768775,0.18558457,-0.050735872,0.94526505,0.16893424,0.07797899,0.92726177,0.10435922,-0.06943248,0.92295337,0.06724161,-0.0029331371188163757,0.2705754041671753,-0.024918464943766594
