frame,Ankle.R_x,Ankle.R_y,Ankle.R_z,Knee.R_x,Knee.R_y,Knee.R_z,Hip.R_x,Hip.R_y,Hip.R_z,Hip.L_x,Hip.L_y,Hip.L_z,Knee.L_x,Knee.L_y,Knee.L_z,Ankle.L_x,Ankle.L_y,Ankle.L_z,Wrist.R_x,Wrist.R_y,Wrist.R_z,Elbow.R_x,Elbow.R_y,Elbow.R_z,Shoulder.R_x,Shoulder.R_y,Shoulder.R_z,Shoulder.L_x,Shoulder.L_y,Shoulder.L_z,Elbow.L_x,Elbow.L_y,Elbow.L_z,Wrist.L_x,Wrist.L_y,Wrist.L_z,Neck_x,Neck_y,Neck_z,Head_x,Head_y,Head_z,Nose_x,Nose_y,Nose_z,Eye.L_x,Eye.L_y,Eye.L_z,Eye.R_x,Eye.R_y,Eye.R_z,Ear.L_x,Ear.L_y,Ear.L_z,Ear.R_x,Ear.R_y,Ear.R_z,hip.Center_x,hip.Center_y,hip.Center_z
0,-0.10133451,-0.44616252,-0.22734135,-0.13655783,-0.123566836,0.060230345,-0.12784205,0.30553266,-0.027387893,0.11797075,0.30075762,-0.015496935,0.106291994,-0.1170877,0.09024148,0.08321856,-0.43871945,-0.20339558,-0.3404231,0.3972238,0.16250281,-0.28997105,0.5292095,-0.050746217,-0.16241825,0.7639158,0.05387015,0.15406509,0.76501596,0.054373115,0.26933786,0.53187656,-0.06467225,0.31431144,0.45382524,0.16915108,-0.001757917,0.8348447,0.094714686,-0.0057805916,1.0609055,0.14662488,-0.02154595,0.95713174,0.26673752,0.0162436,1.0006982,0.23670168,-0.0503999,0.9984952,0.22460422,0.07634397,0.9870951,0.14892323,-0.078149,0.9839376,0.12017034,-0.004935652017593384,0.3031451404094696,-0.021442413330078125
