frame,Ankle.R_x,Ankle.R_y,Ankle.R_z,Knee.R_x,Knee.R_y,Knee.R_z,Hip.R_x,Hip.R_y,Hip.R_z,Hip.L_x,Hip.L_y,Hip.L_z,Knee.L_x,Knee.L_y,Knee.L_z,Ankle.L_x,Ankle.L_y,Ankle.L_z,Wrist.R_x,Wrist.R_y,Wrist.R_z,Elbow.R_x,Elbow.R_y,Elbow.R_z,Shoulder.R_x,Shoulder.R_y,Shoulder.R_z,Shoulder.L_x,Shoulder.L_y,Shoulder.L_z,Elbow.L_x,Elbow.L_y,Elbow.L_z,Wrist.L_x,Wrist.L_y,Wrist.L_z,Neck_x,Neck_y,Neck_z,Head_x,Head_y,Head_z,Nose_x,Nose_y,Nose_z,Eye.L_x,Eye.L_y,Eye.L_z,Eye.R_x,Eye.R_y,Eye.R_z,Ear.L_x,Ear.L_y,Ear.L_z,Ear.R_x,Ear.R_y,Ear.R_z,hip.Center_x,hip.Center_y,hip.Center_z
0,-0.08360489,-0.5875811,0.0028387436,0.06725407,-0.15831994,0.07778477,-0.044570137,0.27702636,0.10092994,0.033547603,0.2877185,-0.14114861,0.17796901,-0.12732406,-0.10560522,-0.029506216,-0.52658886,-0.20938276,-0.2601506,0.24763864,0.22163743,-0.13470986,0.4913597,0.21000263,0.06989351,0.69487655,0.18736212,0.15767789,0.72471124,-0.10521579,0.023120956,0.52960175,-0.27156845,0.00551933,0.27766192,-0.37040162,0.16717131,0.7614412,0.0586128,0.28911602,0.94402885,0.11062217,0.35699445,0.80204153,0.10955596,0.35079956,0.8580984,0.07989579,0.33253282,0.85006696,0.1444218,0.27240166,0.891371,0.019227114,0.23061784,0.8730339,0.16523787,-0.005511267110705376,0.2823724150657654,-0.02010933682322502
