frame,Ankle.R_x,Ankle.R_y,Ankle.R_z,Knee.R_x,Knee.R_y,Knee.R_z,Hip.R_x,Hip.R_y,Hip.R_z,Hip.L_x,Hip.L_y,Hip.L_z,Knee.L_x,Knee.L_y,Knee.L_z,Ankle.L_x,Ankle.L_y,Ankle.L_z,Wrist.R_x,Wrist.R_y,Wrist.R_z,Elbow.R_x,Elbow.R_y,Elbow.R_z,Shoulder.R_x,Shoulder.R_y,Shoulder.R_z,Shoulder.L_x,Shoulder.L_y,Shoulder.L_z,Elbow.L_x,Elbow.L_y,Elbow.L_z,Wrist.L_x,Wrist.L_y,Wrist.L_z,Neck_x,Neck_y,Neck_z,Head_x,Head_y,Head_z,Nose_x,Nose_y,Nose_z,Eye.L_x,Eye.L_y,Eye.L_z,Eye.R_x,Eye.R_y,Eye.R_z,Ear.L_x,Ear.L_y,Ear.L_z,Ear.R_x,Ear.R_y,Ear.R_z,hip.Center_x,hip.Center_y,hip.Center_z
0,-0.06418307,-0.52854544,0.04847441,0.07276434,-0.11970103,0.11661886,-0.060942806,0.29167163,0.09140287,0.047309056,0.29212877,-0.12895831,0.13780515,-0.12117528,-0.09422094,-0.030965913,-0.5063324,-0.22530216,-0.39980784,0.48388663,0.20761113,-0.18010187,0.6290579,0.20966068,0.07605655,0.7397718,0.16783625,0.19761041,0.7160435,-0.10883877,0.06862472,0.5516701,-0.2965533,0.0678517,0.31142014,-0.39497113,0.19504952,0.76762825,0.04621762,0.32518044,0.94145846,0.0797894,0.39481327,0.79925466,0.07116373,0.38184714,0.85433245,0.04157762,0.37589228,0.8479804,0.10838826,0.2939083,0.88518834,-0.0046785176,0.27772033,0.8706815,0.14801253,-0.00681687518954277,0.2919002175331116,-0.018777720630168915
