frame,Ankle.R_x,Ankle.R_y,Ankle.R_z,Knee.R_x,Knee.R_y,Knee.R_z,Hip.R_x,Hip.R_y,Hip.R_z,Hip.L_x,Hip.L_y,Hip.L_z,Knee.L_x,Knee.L_y,Knee.L_z,Ankle.L_x,Ankle.L_y,Ankle.L_z,Wrist.R_x,Wrist.R_y,Wrist.R_z,Elbow.R_x,Elbow.R_y,Elbow.R_z,Shoulder.R_x,Shoulder.R_y,Shoulder.R_z,Shoulder.L_x,Shoulder.L_y,Shoulder.L_z,Elbow.L_x,Elbow.L_y,Elbow.L_z,Wrist.L_x,Wrist.L_y,Wrist.L_z,Neck_x,Neck_y,Neck_z,Head_x,Head_y,Head_z,Nose_x,Nose_y,Nose_z,Eye.L_x,Eye.L_y,Eye.L_z,Eye.R_x,Eye.R_y,Eye.R_z,Ear.L_x,Ear.L_y,Ear.L_z,Ear.R_x,Ear.R_y,Ear.R_z,hip.Center_x,hip.Center_y,hip.Center_z
0,-0.109120935,-0.038973648,0.06494492,0.29350892,0.03861779,0.11166378,-0.04468107,0.26971626,0.11170423,-0.003037789,0.31394103,-0.14648198,0.32716945,0.12941585,-0.15921667,-0.062172443,0.0010058866,-0.18385163,0.3744815,0.9988281,0.302791,0.14261061,0.89159805,0.3555258,0.23042311,0.7216227,0.14617664,0.28696677,0.6380843,-0.12445542,0.28465965,0.4766895,-0.35752618,0.4812031,0.5098128,-0.1938405,0.30618274,0.69427925,0.025014754,0.5042662,0.8011525,0.056988366,0.49417543,0.64331895,0.07392847,0.51309884,0.69142306,0.03684275,0.49758255,0.700472,0.10297952,0.45700398,0.75499946,-0.027415682,0.42058232,0.77597296,0.122372404,-0.023859428241848946,0.29182863235473633,-0.017388872802257538
