frame,Ankle.R_x,Ankle.R_y,Ankle.R_z,Knee.R_x,Knee.R_y,Knee.R_z,Hip.R_x,Hip.R_y,Hip.R_z,Hip.L_x,Hip.L_y,Hip.L_z,Knee.L_x,Knee.L_y,Knee.L_z,Ankle.L_x,Ankle.L_y,Ankle.L_z,Wrist.R_x,Wrist.R_y,Wrist.R_z,Elbow.R_x,Elbow.R_y,Elbow.R_z,Shoulder.R_x,Shoulder.R_y,Shoulder.R_z,Shoulder.L_x,Shoulder.L_y,Shoulder.L_z,Elbow.L_x,Elbow.L_y,Elbow.L_z,Wrist.L_x,Wrist.L_y,Wrist.L_z,Neck_x,Neck_y,Neck_z,Head_x,Head_y,Head_z,Nose_x,Nose_y,Nose_z,Eye.L_x,Eye.L_y,Eye.L_z,Eye.R_x,Eye.R_y,Eye.R_z,Ear.L_x,Ear.L_y,Ear.L_z,Ear.R_x,Ear.R_y,Ear.R_z,hip.Center_x,hip.Center_y,hip.Center_z
0,0.065325245,-0.31539416,0.07641814,0.27387947,0.04974022,0.1690455,-0.068453,0.28438008,0.09609567,0.01949857,0.28501046,-0.15261392,0.34201643,0.09597247,-0.010677659,0.14809835,-0.275611,-0.10999683,-0.020396702,0.49099317,0.37812304,-0.052632652,0.70990884,0.24847978,0.2073058,0.67844176,0.14916681,0.29476246,0.6048877,-0.13463351,0.2000777,0.46973288,-0.3626478,0.33930406,0.3451751,-0.18845579,0.3084993,0.6573246,0.018488828,0.48264378,0.7810823,0.031167723,0.5031971,0.6246758,0.048805714,0.5099718,0.6738379,0.010211013,0.5001529,0.6810319,0.0771315,0.43782535,0.7235584,-0.0468877,0.4149131,0.74065435,0.10555818,-0.024477213621139526,0.28469526767730713,-0.02825912833213806
