frame,Ankle.R_x,Ankle.R_y,Ankle.R_z,Knee.R_x,Knee.R_y,Knee.R_z,Hip.R_x,Hip.R_y,Hip.R_z,Hip.L_x,Hip.L_y,Hip.L_z,Knee.L_x,Knee.L_y,Knee.L_z,Ankle.L_x,Ankle.L_y,Ankle.L_z,Wrist.R_x,Wrist.R_y,Wrist.R_z,Elbow.R_x,Elbow.R_y,Elbow.R_z,Shoulder.R_x,Shoulder.R_y,Shoulder.R_z,Shoulder.L_x,Shoulder.L_y,Shoulder.L_z,Elbow.L_x,Elbow.L_y,Elbow.L_z,Wrist.L_x,Wrist.L_y,Wrist.L_z,Neck_x,Neck_y,Neck_z,Head_x,Head_y,Head_z,Nose_x,Nose_y,Nose_z,Eye.L_x,Eye.L_y,Eye.L_z,Eye.R_x,Eye.R_y,Eye.R_z,Ear.L_x,Ear.L_y,Ear.L_z,Ear.R_x,Ear.R_y,Ear.R_z,hip.Center_x,hip.Center_y,hip.Center_z
0,-0.40786064,-0.4012875,-0.21642081,-0.31194818,-0.020114498,-0.027347123,-0.069742136,0.29307136,-0.12458995,0.074413635,0.2753147,0.08014111,0.011615785,-0.14626302,0.124239966,0.19874734,-0.47206575,-0.101132385,-0.25006756,0.5982532,-0.21122196,-0.041654952,0.5392812,-0.33085644,-0.06800001,0.7497189,-0.15508409,-0.020297948,0.74171317,0.14309782,-0.13744234,0.5099172,0.22386676,-0.34400606,0.6364356,0.15911444,-0.0648512,0.8010027,0.00295032,-0.17584772,0.99091256,0.04979863,-0.21369511,0.8489995,0.107701264,-0.18717165,0.90443254,0.11876609,-0.22954684,0.895242,0.067665,-0.093131684,0.938177,0.088955574,-0.18684277,0.91857135,-0.030069299,0.002335749566555023,0.2841930389404297,-0.022224418818950653
