frame,Ankle.R_x,Ankle.R_y,Ankle.R_z,Knee.R_x,Knee.R_y,Knee.R_z,Hip.R_x,Hip.R_y,Hip.R_z,Hip.L_x,Hip.L_y,Hip.L_z,Knee.L_x,Knee.L_y,Knee.L_z,Ankle.L_x,Ankle.L_y,Ankle.L_z,Wrist.R_x,Wrist.R_y,Wrist.R_z,Elbow.R_x,Elbow.R_y,Elbow.R_z,Shoulder.R_x,Shoulder.R_y,Shoulder.R_z,Shoulder.L_x,Shoulder.L_y,Shoulder.L_z,Elbow.L_x,Elbow.L_y,Elbow.L_z,Wrist.L_x,Wrist.L_y,Wrist.L_z,Neck_x,Neck_y,Neck_z,Head_x,Head_y,Head_z,Nose_x,Nose_y,Nose_z,Eye.L_x,Eye.L_y,Eye.L_z,Eye.R_x,Eye.R_y,Eye.R_z,Ear.L_x,Ear.L_y,Ear.L_z,Ear.R_x,Ear.R_y,Ear.R_z,hip.Center_x,hip.Center_y,hip.Center_z
0,-0.37097013,-0.3998226,-0.14184675,-0.33622307,-0.0049449885,0.049107764,-0.09641959,0.2823702,-0.105549045,0.10538886,0.27109122,0.047279716,0.049555752,-0.13413711,0.17849843,0.2050198,-0.46681485,-0.072993964,-0.61324346,0.5917455,-0.10002793,-0.37644565,0.5580362,-0.19673376,-0.18457901,0.7114625,-0.05162347,0.019928029,0.7020021,0.17016366,0.019955002,0.45882073,0.29944962,-0.21479492,0.5377621,0.35225186,-0.10040276,0.75930864,0.07221785,-0.18669614,0.954051,0.11375393,-0.2599839,0.82222176,0.15486592,-0.23051646,0.87277174,0.17488779,-0.25592375,0.8696399,0.11315247,-0.12626588,0.8900361,0.17428766,-0.18592992,0.8845278,0.03541871,0.004484634846448898,0.2767307162284851,-0.029134664684534073
