frame,Ankle.R_x,Ankle.R_y,Ankle.R_z,Knee.R_x,Knee.R_y,Knee.R_z,Hip.R_x,Hip.R_y,Hip.R_z,Hip.L_x,Hip.L_y,Hip.L_z,Knee.L_x,Knee.L_y,Knee.L_z,Ankle.L_x,Ankle.L_y,Ankle.L_z,Wrist.R_x,Wrist.R_y,Wrist.R_z,Elbow.R_x,Elbow.R_y,Elbow.R_z,Shoulder.R_x,Shoulder.R_y,Shoulder.R_z,Shoulder.L_x,Shoulder.L_y,Shoulder.L_z,Elbow.L_x,Elbow.L_y,Elbow.L_z,Wrist.L_x,Wrist.L_y,Wrist.L_z,Neck_x,Neck_y,Neck_z,Head_x,Head_y,Head_z,Nose_x,Nose_y,Nose_z,Eye.L_x,Eye.L_y,Eye.L_z,Eye.R_x,Eye.R_y,Eye.R_z,Ear.L_x,Ear.L_y,Ear.L_z,Ear.R_x,Ear.R_y,Ear.R_z,hip.Center_x,hip.Center_y,hip.Center_z
0,-0.30875045,-0.3973426,-0.1359737,-0.32160896,-0.011453724,0.05929892,-0.10028386,0.27930135,-0.095603794,0.1049774,0.2672108,0.04533082,0.06576023,-0.14648071,0.13543864,0.26016822,-0.45802328,-0.1081617,-0.73866135,0.60237956,0.074522816,-0.488711,0.65409595,0.014767865,-0.21361057,0.70268685,0.03940621,0.030710412,0.6804253,0.19243968,0.049954683,0.4631254,0.34745404,-0.18829362,0.5359968,0.3663083,-0.10574721,0.7373083,0.12782677,-0.18244517,0.92678547,0.18864918,-0.2631498,0.7950243,0.19901785,-0.23634514,0.84129024,0.23011889,-0.25125802,0.84747976,0.1658467,-0.13321856,0.85340387,0.24732581,-0.17083737,0.86969346,0.10474385,0.0023467689752578735,0.2732560634613037,-0.025136487558484077
