frame,Ankle.R_x,Ankle.R_y,Ankle.R_z,Knee.R_x,Knee.R_y,Knee.R_z,Hip.R_x,Hip.R_y,Hip.R_z,Hip.L_x,Hip.L_y,Hip.L_z,Knee.L_x,Knee.L_y,Knee.L_z,Ankle.L_x,Ankle.L_y,Ankle.L_z,Wrist.R_x,Wrist.R_y,Wrist.R_z,Elbow.R_x,Elbow.R_y,Elbow.R_z,Shoulder.R_x,Shoulder.R_y,Shoulder.R_z,Shoulder.L_x,Shoulder.L_y,Shoulder.L_z,Elbow.L_x,Elbow.L_y,Elbow.L_z,Wrist.L_x,Wrist.L_y,Wrist.L_z,Neck_x,Neck_y,Neck_z,Head_x,Head_y,Head_z,Nose_x,Nose_y,Nose_z,Eye.L_x,Eye.L_y,Eye.L_z,Eye.R_x,Eye.R_y,Eye.R_z,Ear.L_x,Ear.L_y,Ear.L_z,Ear.R_x,Ear.R_y,Ear.R_z,hip.Center_x,hip.Center_y,hip.Center_z
0,-0.0029000724,-0.37629086,-0.48587245,-0.09231195,0.0047375294,-0.31383666,0.08027733,0.30876735,-0.08333634,-0.089341074,0.22060014,0.062119123,0.017270122,-0.18068363,-0.020362776,0.35038465,-0.4362804,0.10571053,0.25897306,0.49340045,-0.3140597,0.2268573,0.61474705,-0.09269455,-0.013746496,0.71678954,-0.016444001,-0.26719266,0.6552707,0.095921814,-0.522325,0.56525457,0.05610568,-0.7514812,0.5354405,-0.06080914,-0.16361533,0.72925484,0.036969468,-0.25104707,0.9165281,0.05523998,-0.3268597,0.81069887,-0.029282197,-0.32368985,0.8400628,0.024578813,-0.2953434,0.8638282,-0.030398654,-0.25655693,0.8257623,0.09950124,-0.19013338,0.8778707,-0.021426918,-0.004531871527433395,0.2646837532520294,-0.010608607903122902
