frame,Ankle.R_x,Ankle.R_y,Ankle.R_z,Knee.R_x,Knee.R_y,Knee.R_z,Hip.R_x,Hip.R_y,Hip.R_z,Hip.L_x,Hip.L_y,Hip.L_z,Knee.L_x,Knee.L_y,Knee.L_z,Ankle.L_x,Ankle.L_y,Ankle.L_z,Wrist.R_x,Wrist.R_y,Wrist.R_z,Elbow.R_x,Elbow.R_y,Elbow.R_z,Shoulder.R_x,Shoulder.R_y,Shoulder.R_z,Shoulder.L_x,Shoulder.L_y,Shoulder.L_z,Elbow.L_x,Elbow.L_y,Elbow.L_z,Wrist.L_x,Wrist.L_y,Wrist.L_z,Neck_x,Neck_y,Neck_z,Head_x,Head_y,Head_z,Nose_x,Nose_y,Nose_z,Eye.L_x,Eye.L_y,Eye.L_z,Eye.R_x,Eye.R_y,Eye.R_z,Ear.L_x,Ear.L_y,Ear.L_z,Ear.R_x,Ear.R_y,Ear.R_z,hip.Center_x,hip.Center_y,hip.Center_z
0,-0.28378582,-0.4313691,-0.22759408,-0.2854737,-0.036844388,-0.05771505,-0.047562562,0.28549868,-0.13425821,0.046489045,0.27942795,0.091867834,0.081701465,-0.13748936,0.1155375,0.32512313,-0.47941175,-0.010266461,-0.14513823,0.40064305,-0.3566285,0.06299705,0.53896683,-0.319914,-0.046901062,0.7380608,-0.16459727,-0.10504291,0.72658145,0.1332576,-0.254706,0.5098444,0.21854375,-0.49316493,0.5672508,0.15738493,-0.10005511,0.7890901,-0.011381446,-0.19866352,0.9879811,0.00047562644,-0.25979048,0.8600476,0.068555206,-0.22839086,0.9132616,0.07628035,-0.26537612,0.90204215,0.0220083,-0.12929465,0.9317969,0.05503971,-0.2100712,0.908067,-0.071369454,-0.0005367584526538849,0.28246331214904785,-0.021195188164711
