frame,Ankle.R_x,Ankle.R_y,Ankle.R_z,Knee.R_x,Knee.R_y,Knee.R_z,Hip.R_x,Hip.R_y,Hip.R_z,Hip.L_x,Hip.L_y,Hip.L_z,Knee.L_x,Knee.L_y,Knee.L_z,Ankle.L_x,Ankle.L_y,Ankle.L_z,Wrist.R_x,Wrist.R_y,Wrist.R_z,Elbow.R_x,Elbow.R_y,Elbow.R_z,Shoulder.R_x,Shoulder.R_y,Shoulder.R_z,Shoulder.L_x,Shoulder.L_y,Shoulder.L_z,Elbow.L_x,Elbow.L_y,Elbow.L_z,Wrist.L_x,Wrist.L_y,Wrist.L_z,Neck_x,Neck_y,Neck_z,Head_x,Head_y,Head_z,Nose_x,Nose_y,Nose_z,Eye.L_x,Eye.L_y,Eye.L_z,Eye.R_x,Eye.R_y,Eye.R_z,Ear.L_x,Ear.L_y,Ear.L_z,Ear.R_x,Ear.R_y,Ear.R_z,hip.Center_x,hip.Center_y,hip.Center_z
0,-0.20363204,-0.45217037,-0.1714487,-0.26150456,-0.074075654,0.034573518,-0.10498535,0.2860995,-0.09481129,0.09993145,0.2893528,0.047164224,0.14396276,-0.12977153,0.08707498,0.32248324,-0.47848323,-0.12133872,-0.35676786,0.58313715,-0.06635734,-0.2111978,0.5111857,-0.25497577,-0.15930566,0.73598915,-0.091073275,0.032299317,0.7289009,0.15336008,0.04420081,0.45816502,0.21974519,-0.20646992,0.48328435,0.20717831,-0.08330405,0.7966979,0.04959739,-0.16829042,1.0011919,0.106251396,-0.22690435,0.8659591,0.16005613,-0.19422005,0.91803956,0.17368081,-0.23327349,0.91436833,0.11929776,-0.09283781,0.9383654,0.15116458,-0.1817253,0.932148,0.027117584,-0.002526950091123581,0.28772616386413574,-0.023823533207178116
