frame,Ankle.R_x,Ankle.R_y,Ankle.R_z,Knee.R_x,Knee.R_y,Knee.R_z,Hip.R_x,Hip.R_y,Hip.R_z,Hip.L_x,Hip.L_y,Hip.L_z,Knee.L_x,Knee.L_y,Knee.L_z,Ankle.L_x,Ankle.L_y,Ankle.L_z,Wrist.R_x,Wrist.R_y,Wrist.R_z,Elbow.R_x,Elbow.R_y,Elbow.R_z,Shoulder.R_x,Shoulder.R_y,Shoulder.R_z,Shoulder.L_x,Shoulder.L_y,Shoulder.L_z,Elbow.L_x,Elbow.L_y,Elbow.L_z,Wrist.L_x,Wrist.L_y,Wrist.L_z,Neck_x,Neck_y,Neck_z,Head_x,Head_y,Head_z,Nose_x,Nose_y,Nose_z,Eye.L_x,Eye.L_y,Eye.L_z,Eye.R_x,Eye.R_y,Eye.R_z,Ear.L_x,Ear.L_y,Ear.L_z,Ear.R_x,Ear.R_y,Ear.R_z,hip.Center_x,hip.Center_y,hip.Center_z
0,-0.1975323,-0.44769797,-0.13137273,-0.2650913,-0.07435233,0.08042054,-0.11496755,0.27541745,-0.07515018,0.11012323,0.28050202,0.02644271,0.17485602,-0.1281959,0.09385314,0.34140104,-0.4965375,-0.10154295,-0.7269624,0.59052044,-0.008936047,-0.47271556,0.621617,-0.06542458,-0.21173017,0.7066922,0.017924247,0.059012383,0.6836449,0.15218176,0.14038262,0.4197983,0.15993302,-0.10147134,0.42677066,0.22309768,-0.09316546,0.7520236,0.10773597,-0.16286212,0.9540237,0.1628456,-0.2521327,0.8274284,0.17030466,-0.2242643,0.8731643,0.20261103,-0.23443842,0.87860143,0.13707839,-0.121490285,0.87884736,0.22716093,-0.14864837,0.89405674,0.08184574,-0.0024221576750278473,0.2779597342014313,-0.02435373328626156
