frame,Ankle.R_x,Ankle.R_y,Ankle.R_z,Knee.R_x,Knee.R_y,Knee.R_z,Hip.R_x,Hip.R_y,Hip.R_z,Hip.L_x,Hip.L_y,Hip.L_z,Knee.L_x,Knee.L_y,Knee.L_z,Ankle.L_x,Ankle.L_y,Ankle.L_z,Wrist.R_x,Wrist.R_y,Wrist.R_z,Elbow.R_x,Elbow.R_y,Elbow.R_z,Shoulder.R_x,Shoulder.R_y,Shoulder.R_z,Shoulder.L_x,Shoulder.L_y,Shoulder.L_z,Elbow.L_x,Elbow.L_y,Elbow.L_z,Wrist.L_x,Wrist.L_y,Wrist.L_z,Neck_x,Neck_y,Neck_z,Head_x,Head_y,Head_z,Nose_x,Nose_y,Nose_z,Eye.L_x,Eye.L_y,Eye.L_z,Eye.R_x,Eye.R_y,Eye.R_z,Ear.L_x,Ear.L_y,Ear.L_z,Ear.R_x,Ear.R_y,Ear.R_z,hip.Center_x,hip.Center_y,hip.Center_z
0,-0.28462273,-0.48100862,-0.18942216,-0.24093923,-0.07930525,-0.03800951,-0.05018071,0.27576524,-0.13297711,0.05395733,0.2659906,0.09206496,-0.049725,-0.14761582,0.1287782,0.13448524,-0.47871247,-0.083483025,-0.28955624,0.34955594,-0.46289378,-0.12743953,0.5256727,-0.35921577,-0.13949162,0.6896873,-0.14091656,-0.2056328,0.6744569,0.13327338,-0.4327224,0.5349371,0.18103717,-0.6751207,0.45080104,0.12419959,-0.19195221,0.7245488,0.00234616,-0.3244704,0.89281106,0.021232847,-0.3782912,0.7474933,0.018829316,-0.36654317,0.79615784,0.053340964,-0.37334782,0.80019045,-0.012457047,-0.2741887,0.8297966,0.08623509,-0.28797328,0.84026486,-0.061324157,0.0018883086740970612,0.2708779275417328,-0.02045607566833496
