frame,Ankle.R_x,Ankle.R_y,Ankle.R_z,Knee.R_x,Knee.R_y,Knee.R_z,Hip.R_x,Hip.R_y,Hip.R_z,Hip.L_x,Hip.L_y,Hip.L_z,Knee.L_x,Knee.L_y,Knee.L_z,Ankle.L_x,Ankle.L_y,Ankle.L_z,Wrist.R_x,Wrist.R_y,Wrist.R_z,Elbow.R_x,Elbow.R_y,Elbow.R_z,Shoulder.R_x,Shoulder.R_y,Shoulder.R_z,Shoulder.L_x,Shoulder.L_y,Shoulder.L_z,Elbow.L_x,Elbow.L_y,Elbow.L_z,Wrist.L_x,Wrist.L_y,Wrist.L_z,Neck_x,Neck_y,Neck_z,Head_x,Head_y,Head_z,Nose_x,Nose_y,Nose_z,Eye.L_x,Eye.L_y,Eye.L_z,Eye.R_x,Eye.R_y,Eye.R_z,Ear.L_x,Ear.L_y,Ear.L_z,Ear.R_x,Ear.R_y,Ear.R_z,hip.Center_x,hip.Center_y,hip.Center_z
0,-0.3145951,-0.46270972,-0.19813845,-0.25252146,-0.070528224,-0.024828501,-0.060208954,0.2792404,-0.12933534,0.06655117,0.2689017,0.0850021,-0.054962054,-0.13316087,0.148401,0.04565445,-0.5029097,-0.058343012,-0.24536373,0.33848274,-0.40675923,-0.089638315,0.5365335,-0.34437832,-0.14517449,0.6970989,-0.12828809,-0.19553943,0.6822833,0.15342762,-0.4286456,0.55315125,0.21060506,-0.67581654,0.494923,0.13720262,-0.18953332,0.73245275,0.023348479,-0.30478844,0.90932506,0.06272864,-0.35638797,0.76947784,0.1087476,-0.32962143,0.82201314,0.12561008,-0.3653954,0.8166522,0.06958486,-0.23255938,0.85196924,0.10920569,-0.3095589,0.84159124,-0.01962198,0.003171108663082123,0.2740710377693176,-0.022166620939970016
