frame,Ankle.R_x,Ankle.R_y,Ankle.R_z,Knee.R_x,Knee.R_y,Knee.R_z,Hip.R_x,Hip.R_y,Hip.R_z,Hip.L_x,Hip.L_y,Hip.L_z,Knee.L_x,Knee.L_y,Knee.L_z,Ankle.L_x,Ankle.L_y,Ankle.L_z,Wrist.R_x,Wrist.R_y,Wrist.R_z,Elbow.R_x,Elbow.R_y,Elbow.R_z,Shoulder.R_x,Shoulder.R_y,Shoulder.R_z,Shoulder.L_x,Shoulder.L_y,Shoulder.L_z,Elbow.L_x,Elbow.L_y,Elbow.L_z,Wrist.L_x,Wrist.L_y,Wrist.L_z,Neck_x,Neck_y,Neck_z,Head_x,Head_y,Head_z,Nose_x,Nose_y,Nose_z,Eye.L_x,Eye.L_y,Eye.L_z,Eye.R_x,Eye.R_y,Eye.R_z,Ear.L_x,Ear.L_y,Ear.L_z,Ear.R_x,Ear.R_y,Ear.R_z,hip.Center_x,hip.Center_y,hip.Center_z
0,-0.41195047,-0.4116972,-0.22255555,-0.2754433,-0.0474782,-0.032231063,-0.060148902,0.28782058,-0.12516311,0.070505776,0.25587013,0.08367885,-0.08023801,-0.13655405,0.12659489,-0.035050318,-0.50618,-0.09762767,-0.24502057,0.39289227,-0.45215988,-0.098070756,0.5719149,-0.33285886,-0.13388288,0.70222974,-0.09408216,-0.18239631,0.6637801,0.18526095,-0.4130621,0.52651316,0.2271049,-0.65622836,0.45049915,0.15636693,-0.17550161,0.725189,0.060183935,-0.2825374,0.9012176,0.11272657,-0.33010045,0.7617534,0.16235442,-0.30066204,0.81359726,0.17648345,-0.34324095,0.8097419,0.12542659,-0.20679823,0.84218633,0.14854583,-0.2989661,0.8354267,0.030495562,0.005178436636924744,0.27184534072875977,-0.020742129534482956
