frame,Ankle.R_x,Ankle.R_y,Ankle.R_z,Knee.R_x,Knee.R_y,Knee.R_z,Hip.R_x,Hip.R_y,Hip.R_z,Hip.L_x,Hip.L_y,Hip.L_z,Knee.L_x,Knee.L_y,Knee.L_z,Ankle.L_x,Ankle.L_y,Ankle.L_z,Wrist.R_x,Wrist.R_y,Wrist.R_z,Elbow.R_x,Elbow.R_y,Elbow.R_z,Shoulder.R_x,Shoulder.R_y,Shoulder.R_z,Shoulder.L_x,Shoulder.L_y,Shoulder.L_z,Elbow.L_x,Elbow.L_y,Elbow.L_z,Wrist.L_x,Wrist.L_y,Wrist.L_z,Neck_x,Neck_y,Neck_z,Head_x,Head_y,Head_z,Nose_x,Nose_y,Nose_z,Eye.L_x,Eye.L_y,Eye.L_z,Eye.R_x,Eye.R_y,Eye.R_z,Ear.L_x,Ear.L_y,Ear.L_z,Ear.R_x,Ear.R_y,Ear.R_z,hip.Center_x,hip.Center_y,hip.Center_z
0,-0.32675248,-0.40723574,-0.21936187,-0.282373,-0.031106364,-0.020131515,-0.05221793,0.2879729,-0.12962116,0.06514828,0.25724673,0.08753917,-0.11499477,-0.118585624,0.12350019,-0.11048685,-0.50196636,-0.07548228,-0.2654303,0.39041173,-0.45665604,-0.12644665,0.5710072,-0.33115596,-0.14836685,0.7009933,-0.093879804,-0.20237198,0.6613958,0.18055303,-0.43347183,0.5259952,0.20523138,-0.66761833,0.44300646,0.1179605,-0.1923437,0.7224596,0.057102274,-0.30295116,0.89830744,0.105430335,-0.35031992,0.7581744,0.15478708,-0.32179347,0.8104868,0.1693996,-0.3631534,0.8057356,0.1172545,-0.2274018,0.84031856,0.14356628,-0.31655285,0.8317685,0.02298962,0.0064651742577552795,0.2726098299026489,-0.02104099467396736
