frame,Ankle.R_x,Ankle.R_y,Ankle.R_z,Knee.R_x,Knee.R_y,Knee.R_z,Hip.R_x,Hip.R_y,Hip.R_z,Hip.L_x,Hip.L_y,Hip.L_z,Knee.L_x,Knee.L_y,Knee.L_z,Ankle.L_x,Ankle.L_y,Ankle.L_z,Wrist.R_x,Wrist.R_y,Wrist.R_z,Elbow.R_x,Elbow.R_y,Elbow.R_z,Shoulder.R_x,Shoulder.R_y,Shoulder.R_z,Shoulder.L_x,Shoulder.L_y,Shoulder.L_z,Elbow.L_x,Elbow.L_y,Elbow.L_z,Wrist.L_x,Wrist.L_y,Wrist.L_z,Neck_x,Neck_y,Neck_z,Head_x,Head_y,Head_z,Nose_x,Nose_y,Nose_z,Eye.L_x,Eye.L_y,Eye.L_z,Eye.R_x,Eye.R_y,Eye.R_z,Ear.L_x,Ear.L_y,Ear.L_z,Ear.R_x,Ear.R_y,Ear.R_z,hip.Center_x,hip.Center_y,hip.Center_z
0,-0.0025135223,-0.49269453,-0.23180872,-0.1711698,-0.10713968,-0.15554067,0.0029933902,0.27985036,-0.14131011,0.0098337205,0.2584915,0.10299765,-0.21605203,-0.08045953,0.093917355,-0.285811,-0.5041671,0.037596203,-0.20750172,0.32830334,-0.45900247,-0.06921618,0.51658636,-0.34701324,-0.12288912,0.68665516,-0.14677055,-0.23596883,0.65791917,0.104728356,-0.4693996,0.5253567,0.112217456,-0.702708,0.4596546,0.01270681,-0.19984612,0.71149343,-0.015785135,-0.32820132,0.8764696,-0.020783111,-0.3859839,0.7341046,0.005916789,-0.3707182,0.7877221,0.03071821,-0.38138425,0.78025377,-0.034544393,-0.27696103,0.8240979,0.05168707,-0.29772544,0.80868495,-0.09609002,0.006413555238395929,0.26917093992233276,-0.019156228750944138
