frame,Ankle.R_x,Ankle.R_y,Ankle.R_z,Knee.R_x,Knee.R_y,Knee.R_z,Hip.R_x,Hip.R_y,Hip.R_z,Hip.L_x,Hip.L_y,Hip.L_z,Knee.L_x,Knee.L_y,Knee.L_z,Ankle.L_x,Ankle.L_y,Ankle.L_z,Wrist.R_x,Wrist.R_y,Wrist.R_z,Elbow.R_x,Elbow.R_y,Elbow.R_z,Shoulder.R_x,Shoulder.R_y,Shoulder.R_z,Shoulder.L_x,Shoulder.L_y,Shoulder.L_z,Elbow.L_x,Elbow.L_y,Elbow.L_z,Wrist.L_x,Wrist.L_y,Wrist.L_z,Neck_x,Neck_y,Neck_z,Head_x,Head_y,Head_z,Nose_x,Nose_y,Nose_z,Eye.L_x,Eye.L_y,Eye.L_z,Eye.R_x,Eye.R_y,Eye.R_z,Ear.L_x,Ear.L_y,Ear.L_z,Ear.R_x,Ear.R_y,Ear.R_z,hip.Center_x,hip.Center_y,hip.Center_z
0,-0.07038128,-0.48303533,-0.2544623,-0.19526634,-0.08608794,-0.16437751,0.004985998,0.2825613,-0.14025249,0.011150878,0.2527531,0.103829674,-0.23454951,-0.0672555,0.07742951,-0.3305973,-0.4808564,0.004148878,-0.22405192,0.31641242,-0.4515261,-0.08655308,0.5048347,-0.3400339,-0.12755057,0.6773224,-0.14030164,-0.2385816,0.651726,0.11139514,-0.47548032,0.5294028,0.120892346,-0.7097244,0.45634416,0.031593457,-0.20316254,0.70313144,-0.009002914,-0.3344398,0.86601454,-0.009916614,-0.388269,0.7220693,0.014541069,-0.37411335,0.7753403,0.04027867,-0.38543916,0.7689736,-0.02492872,-0.28117242,0.81361496,0.060769334,-0.30359322,0.80080867,-0.086806014,0.008068437688052654,0.26765722036361694,-0.018211405724287033
