frame,Ankle.R_x,Ankle.R_y,Ankle.R_z,Knee.R_x,Knee.R_y,Knee.R_z,Hip.R_x,Hip.R_y,Hip.R_z,Hip.L_x,Hip.L_y,Hip.L_z,Knee.L_x,Knee.L_y,Knee.L_z,Ankle.L_x,Ankle.L_y,Ankle.L_z,Wrist.R_x,Wrist.R_y,Wrist.R_z,Elbow.R_x,Elbow.R_y,Elbow.R_z,Shoulder.R_x,Shoulder.R_y,Shoulder.R_z,Shoulder.L_x,Shoulder.L_y,Shoulder.L_z,Elbow.L_x,Elbow.L_y,Elbow.L_z,Wrist.L_x,Wrist.L_y,Wrist.L_z,Neck_x,Neck_y,Neck_z,Head_x,Head_y,Head_z,Nose_x,Nose_y,Nose_z,Eye.L_x,Eye.L_y,Eye.L_z,Eye.R_x,Eye.R_y,Eye.R_z,Ear.L_x,Ear.L_y,Ear.L_z,Ear.R_x,Ear.R_y,Ear.R_z,hip.Center_x,hip.Center_y,hip.Center_z
0,-0.20692308,-0.46889105,-0.14862533,-0.2648077,-0.05417321,-0.06490384,-0.024585195,0.27399218,-0.14346685,0.03936113,0.2614002,0.09885372,-0.20309247,-0.07639604,0.1325509,-0.011377657,-0.4472666,0.03091425,-0.15586281,0.34891802,-0.452069,-0.045072637,0.55117095,-0.34130877,-0.15056448,0.6791889,-0.124146566,-0.22673449,0.63697374,0.14928189,-0.447234,0.48877853,0.20610738,-0.6794606,0.41585013,0.112259224,-0.21269473,0.69758713,0.022702094,-0.33994877,0.8642777,0.05204937,-0.382345,0.722883,0.10203944,-0.36018628,0.77699107,0.11811385,-0.3939809,0.76710534,0.061546914,-0.2670043,0.8139708,0.10203658,-0.33829513,0.79362845,-0.027473966,0.0073879677802324295,0.26769620180130005,-0.02230656147003174
