frame,Ankle.R_x,Ankle.R_y,Ankle.R_z,Knee.R_x,Knee.R_y,Knee.R_z,Hip.R_x,Hip.R_y,Hip.R_z,Hip.L_x,Hip.L_y,Hip.L_z,Knee.L_x,Knee.L_y,Knee.L_z,Ankle.L_x,Ankle.L_y,Ankle.L_z,Wrist.R_x,Wrist.R_y,Wrist.R_z,Elbow.R_x,Elbow.R_y,Elbow.R_z,Shoulder.R_x,Shoulder.R_y,Shoulder.R_z,Shoulder.L_x,Shoulder.L_y,Shoulder.L_z,Elbow.L_x,Elbow.L_y,Elbow.L_z,Wrist.L_x,Wrist.L_y,Wrist.L_z,Neck_x,Neck_y,Neck_z,Head_x,Head_y,Head_z,Nose_x,Nose_y,Nose_z,Eye.L_x,Eye.L_y,Eye.L_z,Eye.R_x,Eye.R_y,Eye.R_z,Ear.L_x,Ear.L_y,Ear.L_z,Ear.R_x,Ear.R_y,Ear.R_z,hip.Center_x,hip.Center_y,hip.Center_z
0,-0.21883748,-0.48476255,-0.15812853,-0.2568843,-0.06771068,-0.052602835,-0.031052459,0.27419668,-0.14220114,0.041576494,0.26506117,0.097376354,-0.15461992,-0.10988546,0.14758879,0.093417846,-0.43972462,0.0145125855,-0.16525075,0.32712367,-0.4415686,-0.043764666,0.53675866,-0.34865427,-0.12436193,0.6915967,-0.13686687,-0.20691887,0.6639792,0.1360679,-0.4425032,0.53483504,0.1842812,-0.6804904,0.4607429,0.09794848,-0.18733719,0.71854717,0.008624839,-0.31985426,0.8851786,0.032279804,-0.36426544,0.7408526,0.06971806,-0.34543267,0.79470766,0.09083624,-0.37145534,0.78717387,0.030060723,-0.25128996,0.834175,0.088669054,-0.305769,0.8188068,-0.049403593,0.005262017250061035,0.26962894201278687,-0.022412393242120743
