frame,Ankle.R_x,Ankle.R_y,Ankle.R_z,Knee.R_x,Knee.R_y,Knee.R_z,Hip.R_x,Hip.R_y,Hip.R_z,Hip.L_x,Hip.L_y,Hip.L_z,Knee.L_x,Knee.L_y,Knee.L_z,Ankle.L_x,Ankle.L_y,Ankle.L_z,Wrist.R_x,Wrist.R_y,Wrist.R_z,Elbow.R_x,Elbow.R_y,Elbow.R_z,Shoulder.R_x,Shoulder.R_y,Shoulder.R_z,Shoulder.L_x,Shoulder.L_y,Shoulder.L_z,Elbow.L_x,Elbow.L_y,Elbow.L_z,Wrist.L_x,Wrist.L_y,Wrist.L_z,Neck_x,Neck_y,Neck_z,Head_x,Head_y,Head_z,Nose_x,Nose_y,Nose_z,Eye.L_x,Eye.L_y,Eye.L_z,Eye.R_x,Eye.R_y,Eye.R_z,Ear.L_x,Ear.L_y,Ear.L_z,Ear.R_x,Ear.R_y,Ear.R_z,hip.Center_x,hip.Center_y,hip.Center_z
0,-0.35695845,-0.4489736,-0.20445964,-0.26229233,-0.06730265,-0.025405189,-0.060941614,0.2747361,-0.12991488,0.06546597,0.26462775,0.08448831,-0.037819427,-0.13779688,0.16148868,0.18247356,-0.47744858,0.0024113152,-0.3310072,0.3701399,-0.40432268,-0.14754307,0.54071736,-0.3375714,-0.13960873,0.6957444,-0.11419147,-0.16283073,0.6719621,0.16602768,-0.3905313,0.5393181,0.22591507,-0.6410675,0.4767546,0.17825744,-0.16684085,0.7260145,0.03808929,-0.29187182,0.8932247,0.08370483,-0.33301085,0.74814737,0.118076995,-0.31217137,0.800741,0.1397438,-0.34378058,0.7963466,0.081749454,-0.2179589,0.83974934,0.13035516,-0.28638378,0.831184,-0.0012460351,0.002262178808450699,0.2696819305419922,-0.02271328493952751
