frame,Ankle.R_x,Ankle.R_y,Ankle.R_z,Knee.R_x,Knee.R_y,Knee.R_z,Hip.R_x,Hip.R_y,Hip.R_z,Hip.L_x,Hip.L_y,Hip.L_z,Knee.L_x,Knee.L_y,Knee.L_z,Ankle.L_x,Ankle.L_y,Ankle.L_z,Wrist.R_x,Wrist.R_y,Wrist.R_z,Elbow.R_x,Elbow.R_y,Elbow.R_z,Shoulder.R_x,Shoulder.R_y,Shoulder.R_z,Shoulder.L_x,Shoulder.L_y,Shoulder.L_z,Elbow.L_x,Elbow.L_y,Elbow.L_z,Wrist.L_x,Wrist.L_y,Wrist.L_z,Neck_x,Neck_y,Neck_z,Head_x,Head_y,Head_z,Nose_x,Nose_y,Nose_z,Eye.L_x,Eye.L_y,Eye.L_z,Eye.R_x,Eye.R_y,Eye.R_z,Ear.L_x,Ear.L_y,Ear.L_z,Ear.R_x,Ear.R_y,Ear.R_z,hip.Center_x,hip.Center_y,hip.Center_z
0,-0.3183542,-0.41507262,-0.21192613,-0.28013974,-0.04799731,0.01833466,-0.075929455,0.26686504,-0.12600672,0.07901939,0.27275014,0.072730355,0.06346763,-0.13108736,0.18572989,0.30075186,-0.4564725,0.0022661716,-0.43287283,0.20779845,-0.10307699,-0.24626365,0.35754743,-0.20274109,-0.25909266,0.6035585,-0.07679706,-0.21729143,0.57629186,0.20540184,-0.31571192,0.31662694,0.21534878,-0.53483856,0.18360473,0.15593158,-0.26799315,0.6406616,0.08033483,-0.4428197,0.75834805,0.14079677,-0.4271551,0.6060177,0.15625499,-0.4278544,0.6590532,0.18509497,-0.45461208,0.65088177,0.12516214,-0.3537505,0.73077947,0.18607022,-0.41393065,0.71475124,0.050757654,0.0015449672937393188,0.2698075771331787,-0.026638183742761612
