frame,Ankle.R_x,Ankle.R_y,Ankle.R_z,Knee.R_x,Knee.R_y,Knee.R_z,Hip.R_x,Hip.R_y,Hip.R_z,Hip.L_x,Hip.L_y,Hip.L_z,Knee.L_x,Knee.L_y,Knee.L_z,Ankle.L_x,Ankle.L_y,Ankle.L_z,Wrist.R_x,Wrist.R_y,Wrist.R_z,Elbow.R_x,Elbow.R_y,Elbow.R_z,Shoulder.R_x,Shoulder.R_y,Shoulder.R_z,Shoulder.L_x,Shoulder.L_y,Shoulder.L_z,Elbow.L_x,Elbow.L_y,Elbow.L_z,Wrist.L_x,Wrist.L_y,Wrist.L_z,Neck_x,Neck_y,Neck_z,Head_x,Head_y,Head_z,Nose_x,Nose_y,Nose_z,Eye.L_x,Eye.L_y,Eye.L_z,Eye.R_x,Eye.R_y,Eye.R_z,Ear.L_x,Ear.L_y,Ear.L_z,Ear.R_x,Ear.R_y,Ear.R_z,hip.Center_x,hip.Center_y,hip.Center_z
0,-0.27989662,-0.4273493,-0.17704633,-0.2780618,-0.04562305,0.030809825,-0.07470162,0.2615665,-0.12817395,0.075307675,0.27445188,0.07326713,0.10990068,-0.12956764,0.17386037,0.3539095,-0.47538787,0.030449545,-0.43245256,0.20308228,-0.14295195,-0.24530753,0.36279243,-0.22575101,-0.26766187,0.5980797,-0.08149733,-0.24046692,0.5621389,0.19921312,-0.34807372,0.3054852,0.20351514,-0.5680228,0.17720251,0.13515139,-0.28321698,0.6286447,0.07610277,-0.4539563,0.74778306,0.13675681,-0.44171503,0.5955239,0.15678951,-0.4403895,0.6496545,0.18384956,-0.46901664,0.63994765,0.12499844,-0.364883,0.71932054,0.18045181,-0.42871603,0.70049757,0.04744167,0.0003030262887477875,0.2680091857910156,-0.027453407645225525
