frame,Ankle.R_x,Ankle.R_y,Ankle.R_z,Knee.R_x,Knee.R_y,Knee.R_z,Hip.R_x,Hip.R_y,Hip.R_z,Hip.L_x,Hip.L_y,Hip.L_z,Knee.L_x,Knee.L_y,Knee.L_z,Ankle.L_x,Ankle.L_y,Ankle.L_z,Wrist.R_x,Wrist.R_y,Wrist.R_z,Elbow.R_x,Elbow.R_y,Elbow.R_z,Shoulder.R_x,Shoulder.R_y,Shoulder.R_z,Shoulder.L_x,Shoulder.L_y,Shoulder.L_z,Elbow.L_x,Elbow.L_y,Elbow.L_z,Wrist.L_x,Wrist.L_y,Wrist.L_z,Neck_x,Neck_y,Neck_z,Head_x,Head_y,Head_z,Nose_x,Nose_y,Nose_z,Eye.L_x,Eye.L_y,Eye.L_z,Eye.R_x,Eye.R_y,Eye.R_z,Ear.L_x,Ear.L_y,Ear.L_z,Ear.R_x,Ear.R_y,Ear.R_z,hip.Center_x,hip.Center_y,hip.Center_z
0,-0.08931584,-0.42132527,-0.09695776,-0.22829911,-0.060020115,0.09127916,-0.082874626,0.2503028,-0.1241907,0.07380398,0.2865853,0.070190586,0.20826083,-0.11209404,0.10872725,0.43760294,-0.46603715,-0.044576056,-0.45416307,0.15227032,-0.15637498,-0.2877159,0.3417002,-0.2272502,-0.3169488,0.5732257,-0.07254942,-0.28401262,0.5319466,0.20849784,-0.37514538,0.26638883,0.21328175,-0.6009172,0.13910523,0.16527255,-0.33232325,0.6031461,0.087419294,-0.49061114,0.7427103,0.14642356,-0.4949592,0.59222764,0.1820928,-0.4855805,0.64921546,0.20299037,-0.51949126,0.63639665,0.14723405,-0.40224475,0.70770514,0.18777369,-0.47718772,0.6838979,0.061520025,-0.004535321146249771,0.2684440612792969,-0.027000058442354202
