frame,Ankle.R_x,Ankle.R_y,Ankle.R_z,Knee.R_x,Knee.R_y,Knee.R_z,Hip.R_x,Hip.R_y,Hip.R_z,Hip.L_x,Hip.L_y,Hip.L_z,Knee.L_x,Knee.L_y,Knee.L_z,Ankle.L_x,Ankle.L_y,Ankle.L_z,Wrist.R_x,Wrist.R_y,Wrist.R_z,Elbow.R_x,Elbow.R_y,Elbow.R_z,Shoulder.R_x,Shoulder.R_y,Shoulder.R_z,Shoulder.L_x,Shoulder.L_y,Shoulder.L_z,Elbow.L_x,Elbow.L_y,Elbow.L_z,Wrist.L_x,Wrist.L_y,Wrist.L_z,Neck_x,Neck_y,Neck_z,Head_x,Head_y,Head_z,Nose_x,Nose_y,Nose_z,Eye.L_x,Eye.L_y,Eye.L_z,Eye.R_x,Eye.R_y,Eye.R_z,Ear.L_x,Ear.L_y,Ear.L_z,Ear.R_x,Ear.R_y,Ear.R_z,hip.Center_x,hip.Center_y,hip.Center_z
0,-0.08451929,-0.3953673,-0.10928306,-0.24877186,-0.04535907,0.07551436,-0.080063775,0.25875202,-0.12445146,0.07102065,0.28486702,0.073650874,0.22715989,-0.10301747,0.1041783,0.46596047,-0.4565124,-0.036769617,-0.37766317,0.22610992,-0.27656683,-0.2082504,0.42417514,-0.27240205,-0.29137057,0.6013596,-0.06735281,-0.2895518,0.52578616,0.21617615,-0.38500667,0.25776917,0.21747237,-0.6241548,0.1614602,0.16643175,-0.3266791,0.61167186,0.09754822,-0.49062586,0.7455869,0.16756761,-0.4901188,0.59237224,0.19053221,-0.48200428,0.64808095,0.21592866,-0.5164202,0.6387129,0.1596769,-0.40083924,0.7099584,0.20464635,-0.47660646,0.69455945,0.077331394,-0.004521563649177551,0.27180951833724976,-0.02540029212832451
