frame,Ankle.R_x,Ankle.R_y,Ankle.R_z,Knee.R_x,Knee.R_y,Knee.R_z,Hip.R_x,Hip.R_y,Hip.R_z,Hip.L_x,Hip.L_y,Hip.L_z,Knee.L_x,Knee.L_y,Knee.L_z,Ankle.L_x,Ankle.L_y,Ankle.L_z,Wrist.R_x,Wrist.R_y,Wrist.R_z,Elbow.R_x,Elbow.R_y,Elbow.R_z,Shoulder.R_x,Shoulder.R_y,Shoulder.R_z,Shoulder.L_x,Shoulder.L_y,Shoulder.L_z,Elbow.L_x,Elbow.L_y,Elbow.L_z,Wrist.L_x,Wrist.L_y,Wrist.L_z,Neck_x,Neck_y,Neck_z,Head_x,Head_y,Head_z,Nose_x,Nose_y,Nose_z,Eye.L_x,Eye.L_y,Eye.L_z,Eye.R_x,Eye.R_y,Eye.R_z,Ear.L_x,Ear.L_y,Ear.L_z,Ear.R_x,Ear.R_y,Ear.R_z,hip.Center_x,hip.Center_y,hip.Center_z
0,-0.08628317,-0.40999538,-0.09118981,-0.24187931,-0.04832474,0.085031725,-0.08039084,0.25394365,-0.12500636,0.07082739,0.2862087,0.07260262,0.24313715,-0.096295506,0.09512206,0.4724601,-0.46858704,-0.011550218,-0.39090243,0.20537224,-0.28722283,-0.22836962,0.41065115,-0.27887583,-0.30892676,0.58538544,-0.071008794,-0.30686158,0.51056826,0.2096486,-0.4058556,0.2447973,0.20883414,-0.64448583,0.14326148,0.16121812,-0.34416458,0.5932076,0.09213312,-0.51025414,0.7217635,0.15916203,-0.505806,0.56950474,0.18772352,-0.4988121,0.6263288,0.21096718,-0.53372467,0.61392176,0.15558547,-0.4194128,0.6895223,0.19636744,-0.49626714,0.667734,0.07076995,-0.004781726747751236,0.2700761556625366,-0.026201870292425156
