frame,Ankle.R_x,Ankle.R_y,Ankle.R_z,Knee.R_x,Knee.R_y,Knee.R_z,Hip.R_x,Hip.R_y,Hip.R_z,Hip.L_x,Hip.L_y,Hip.L_z,Knee.L_x,Knee.L_y,Knee.L_z,Ankle.L_x,Ankle.L_y,Ankle.L_z,Wrist.R_x,Wrist.R_y,Wrist.R_z,Elbow.R_x,Elbow.R_y,Elbow.R_z,Shoulder.R_x,Shoulder.R_y,Shoulder.R_z,Shoulder.L_x,Shoulder.L_y,Shoulder.L_z,Elbow.L_x,Elbow.L_y,Elbow.L_z,Wrist.L_x,Wrist.L_y,Wrist.L_z,Neck_x,Neck_y,Neck_z,Head_x,Head_y,Head_z,Nose_x,Nose_y,Nose_z,Eye.L_x,Eye.L_y,Eye.L_z,Eye.R_x,Eye.R_y,Eye.R_z,Ear.L_x,Ear.L_y,Ear.L_z,Ear.R_x,Ear.R_y,Ear.R_z,hip.Center_x,hip.Center_y,hip.Center_z
0,0.158996,-0.47868618,-0.15631302,-0.09605944,-0.13350695,-0.16699494,0.019667938,0.28389618,-0.14147353,-0.005410749,0.25976196,0.10577623,-0.2735725,-0.029637385,0.07036536,-0.33476335,-0.45847225,0.0074787056,-0.33789393,0.31244445,-0.43639454,-0.13710989,0.4400842,-0.33871895,-0.21845384,0.6250759,-0.14866295,-0.31099737,0.54505265,0.115742505,-0.43040225,0.29671848,0.1708187,-0.667757,0.20789415,0.11501867,-0.3032698,0.6278852,-0.010675438,-0.4677383,0.7681351,-0.0027708411,-0.49583897,0.61470735,-0.0026226714,-0.49422142,0.6654503,0.031518333,-0.49845806,0.66688186,-0.03529664,-0.4113129,0.7165811,0.067014895,-0.41864938,0.72107685,-0.08382322,0.007128594443202019,0.2718290686607361,-0.017848651856184006
