frame,Ankle.R_x,Ankle.R_y,Ankle.R_z,Knee.R_x,Knee.R_y,Knee.R_z,Hip.R_x,Hip.R_y,Hip.R_z,Hip.L_x,Hip.L_y,Hip.L_z,Knee.L_x,Knee.L_y,Knee.L_z,Ankle.L_x,Ankle.L_y,Ankle.L_z,Wrist.R_x,Wrist.R_y,Wrist.R_z,Elbow.R_x,Elbow.R_y,Elbow.R_z,Shoulder.R_x,Shoulder.R_y,Shoulder.R_z,Shoulder.L_x,Shoulder.L_y,Shoulder.L_z,Elbow.L_x,Elbow.L_y,Elbow.L_z,Wrist.L_x,Wrist.L_y,Wrist.L_z,Neck_x,Neck_y,Neck_z,Head_x,Head_y,Head_z,Nose_x,Nose_y,Nose_z,Eye.L_x,Eye.L_y,Eye.L_z,Eye.R_x,Eye.R_y,Eye.R_z,Ear.L_x,Ear.L_y,Ear.L_z,Ear.R_x,Ear.R_y,Ear.R_z,hip.Center_x,hip.Center_y,hip.Center_z
0,0.20560896,-0.46989828,-0.17807533,-0.05856292,-0.13400376,-0.19534992,0.024530606,0.28166893,-0.13836634,-0.0122071365,0.25802317,0.10562103,-0.27194244,-0.03358534,0.070814036,-0.27614444,-0.46539187,0.015940037,-0.35537687,0.22546743,-0.4597709,-0.1897921,0.39936286,-0.3613361,-0.25409046,0.5870502,-0.17135748,-0.33554584,0.51941013,0.091731034,-0.44084078,0.27302328,0.16209224,-0.67567223,0.17155062,0.12368717,-0.33381504,0.5883921,-0.03791711,-0.51266944,0.70174533,-0.03802465,-0.51891875,0.54610103,-0.034659382,-0.5254063,0.596771,-0.0019513294,-0.5280316,0.5964997,-0.06867483,-0.45200783,0.6601929,0.03347231,-0.4556526,0.6603442,-0.11671984,0.00616173492744565,0.2698460519313812,-0.01637265458703041
