frame,Ankle.R_x,Ankle.R_y,Ankle.R_z,Knee.R_x,Knee.R_y,Knee.R_z,Hip.R_x,Hip.R_y,Hip.R_z,Hip.L_x,Hip.L_y,Hip.L_z,Knee.L_x,Knee.L_y,Knee.L_z,Ankle.L_x,Ankle.L_y,Ankle.L_z,Wrist.R_x,Wrist.R_y,Wrist.R_z,Elbow.R_x,Elbow.R_y,Elbow.R_z,Shoulder.R_x,Shoulder.R_y,Shoulder.R_z,Shoulder.L_x,Shoulder.L_y,Shoulder.L_z,Elbow.L_x,Elbow.L_y,Elbow.L_z,Wrist.L_x,Wrist.L_y,Wrist.L_z,Neck_x,Neck_y,Neck_z,Head_x,Head_y,Head_z,Nose_x,Nose_y,Nose_z,Eye.L_x,Eye.L_y,Eye.L_z,Eye.R_x,Eye.R_y,Eye.R_z,Ear.L_x,Ear.L_y,Ear.L_z,Ear.R_x,Ear.R_y,Ear.R_z,hip.Center_x,hip.Center_y,hip.Center_z
0,0.23178346,-0.37395307,-0.24234116,-0.11092351,-0.12628537,-0.19138065,0.0045596417,0.28676897,-0.14194185,0.0032869277,0.25028172,0.10586392,-0.19966394,-0.09516304,0.088431016,-0.10576774,-0.51952475,0.021555815,-0.37757173,0.2581566,-0.39995146,-0.20286739,0.43224704,-0.31921107,-0.2814073,0.5897421,-0.10560763,-0.34553486,0.46869838,0.14457189,-0.44678074,0.2083874,0.14735904,-0.6655652,0.08679508,0.06997717,-0.35415804,0.5650655,0.03232831,-0.53890073,0.67268866,0.05333491,-0.53761274,0.5188549,0.035035647,-0.5463041,0.56393385,0.07441038,-0.54985976,0.5725613,0.008577384,-0.4751522,0.6243555,0.11777183,-0.48186228,0.6457571,-0.029612739,0.003923284821212292,0.2685253620147705,-0.01803896203637123
