frame,Ankle.R_x,Ankle.R_y,Ankle.R_z,Knee.R_x,Knee.R_y,Knee.R_z,Hip.R_x,Hip.R_y,Hip.R_z,Hip.L_x,Hip.L_y,Hip.L_z,Knee.L_x,Knee.L_y,Knee.L_z,Ankle.L_x,Ankle.L_y,Ankle.L_z,Wrist.R_x,Wrist.R_y,Wrist.R_z,Elbow.R_x,Elbow.R_y,Elbow.R_z,Shoulder.R_x,Shoulder.R_y,Shoulder.R_z,Shoulder.L_x,Shoulder.L_y,Shoulder.L_z,Elbow.L_x,Elbow.L_y,Elbow.L_z,Wrist.L_x,Wrist.L_y,Wrist.L_z,Neck_x,Neck_y,Neck_z,Head_x,Head_y,Head_z,Nose_x,Nose_y,Nose_z,Eye.L_x,Eye.L_y,Eye.L_z,Eye.R_x,Eye.R_y,Eye.R_z,Ear.L_x,Ear.L_y,Ear.L_z,Ear.R_x,Ear.R_y,Ear.R_z,hip.Center_x,hip.Center_y,hip.Center_z
0,0.12924102,-0.4166078,-0.31662363,-0.12777899,-0.09109323,-0.21761091,0.0108858375,0.2965185,-0.13852389,-0.0022030454,0.24893832,0.10610141,-0.18390347,-0.10276717,0.08091233,-0.10560592,-0.52989215,0.028830905,-0.44510433,0.25089782,-0.37891877,-0.24553436,0.4019282,-0.3085639,-0.2771963,0.59561706,-0.12138688,-0.36130714,0.48578247,0.12608357,-0.479063,0.23564678,0.11797718,-0.7012817,0.12100546,0.043803044,-0.35734385,0.5805522,0.0125800315,-0.5329758,0.70545685,0.027791208,-0.5457423,0.5505247,0.025781868,-0.54773474,0.6004578,0.060496926,-0.55526745,0.60247576,-0.005707279,-0.46890217,0.65815413,0.09318332,-0.4835834,0.66546875,-0.05636148,0.004341396037489176,0.27272841334342957,-0.016211241483688354
