frame,Ankle.R_x,Ankle.R_y,Ankle.R_z,Knee.R_x,Knee.R_y,Knee.R_z,Hip.R_x,Hip.R_y,Hip.R_z,Hip.L_x,Hip.L_y,Hip.L_z,Knee.L_x,Knee.L_y,Knee.L_z,Ankle.L_x,Ankle.L_y,Ankle.L_z,Wrist.R_x,Wrist.R_y,Wrist.R_z,Elbow.R_x,Elbow.R_y,Elbow.R_z,Shoulder.R_x,Shoulder.R_y,Shoulder.R_z,Shoulder.L_x,Shoulder.L_y,Shoulder.L_z,Elbow.L_x,Elbow.L_y,Elbow.L_z,Wrist.L_x,Wrist.L_y,Wrist.L_z,Neck_x,Neck_y,Neck_z,Head_x,Head_y,Head_z,Nose_x,Nose_y,Nose_z,Eye.L_x,Eye.L_y,Eye.L_z,Eye.R_x,Eye.R_y,Eye.R_z,Ear.L_x,Ear.L_y,Ear.L_z,Ear.R_x,Ear.R_y,Ear.R_z,hip.Center_x,hip.Center_y,hip.Center_z
0,-0.15502995,-0.5000735,-0.25251395,-0.19679926,-0.09240344,-0.1029888,-0.021699876,0.28460172,-0.1416991,0.028268894,0.25735322,0.10320195,-0.12726691,-0.124470964,0.108917914,-0.05230979,-0.5455215,-0.00025728822,-0.4087483,0.2187301,-0.32794815,-0.22102234,0.39671305,-0.2920943,-0.2785092,0.5958479,-0.10972762,-0.33388314,0.5025386,0.15376344,-0.43746772,0.24319933,0.14019002,-0.6632272,0.12506814,0.07480437,-0.34448814,0.59070045,0.03431541,-0.5215739,0.7145664,0.056566384,-0.5318161,0.5588183,0.05694615,-0.53366363,0.6094124,0.09112484,-0.5435442,0.61013967,0.025106497,-0.45403215,0.6688853,0.12080095,-0.47478205,0.6735103,-0.027660154,0.0032845092937350273,0.2709774672985077,-0.01924857869744301
