frame,Ankle.R_x,Ankle.R_y,Ankle.R_z,Knee.R_x,Knee.R_y,Knee.R_z,Hip.R_x,Hip.R_y,Hip.R_z,Hip.L_x,Hip.L_y,Hip.L_z,Knee.L_x,Knee.L_y,Knee.L_z,Ankle.L_x,Ankle.L_y,Ankle.L_z,Wrist.R_x,Wrist.R_y,Wrist.R_z,Elbow.R_x,Elbow.R_y,Elbow.R_z,Shoulder.R_x,Shoulder.R_y,Shoulder.R_z,Shoulder.L_x,Shoulder.L_y,Shoulder.L_z,Elbow.L_x,Elbow.L_y,Elbow.L_z,Wrist.L_x,Wrist.L_y,Wrist.L_z,Neck_x,Neck_y,Neck_z,Head_x,Head_y,Head_z,Nose_x,Nose_y,Nose_z,Eye.L_x,Eye.L_y,Eye.L_z,Eye.R_x,Eye.R_y,Eye.R_z,Ear.L_x,Ear.L_y,Ear.L_z,Ear.R_x,Ear.R_y,Ear.R_z,hip.Center_x,hip.Center_y,hip.Center_z
0,-0.29277822,-0.3771243,0.021322133,0.07001373,-0.14795999,0.1388846,-0.079895,0.2725083,0.08681832,0.05817201,0.27821946,-0.13820767,0.25210804,-0.064972885,0.009441939,0.15785268,-0.47174212,-0.1756244,0.23917961,-0.0827048,0.2730327,0.16249229,0.18240505,0.2925123,0.23967372,0.46180508,0.26923296,0.3611885,0.48983902,0.0018355912,0.33364806,0.23933795,-0.13794442,0.3878688,-0.018315515,-0.068354264,0.3452586,0.5146853,0.15976745,0.52284664,0.61717653,0.23065719,0.5188788,0.46155882,0.22395985,0.54115325,0.5132449,0.19720146,0.5163869,0.51244164,0.26022744,0.49117595,0.5830343,0.13616475,0.43527558,0.57948816,0.27860707,-0.010861493647098541,0.27536386251449585,-0.025694675743579865
