frame,Ankle.R_x,Ankle.R_y,Ankle.R_z,Knee.R_x,Knee.R_y,Knee.R_z,Hip.R_x,Hip.R_y,Hip.R_z,Hip.L_x,Hip.L_y,Hip.L_z,Knee.L_x,Knee.L_y,Knee.L_z,Ankle.L_x,Ankle.L_y,Ankle.L_z,Wrist.R_x,Wrist.R_y,Wrist.R_z,Elbow.R_x,Elbow.R_y,Elbow.R_z,Shoulder.R_x,Shoulder.R_y,Shoulder.R_z,Shoulder.L_x,Shoulder.L_y,Shoulder.L_z,Elbow.L_x,Elbow.L_y,Elbow.L_z,Wrist.L_x,Wrist.L_y,Wrist.L_z,Neck_x,Neck_y,Neck_z,Head_x,Head_y,Head_z,Nose_x,Nose_y,Nose_z,Eye.L_x,Eye.L_y,Eye.L_z,Eye.R_x,Eye.R_y,Eye.R_z,Ear.L_x,Ear.L_y,Ear.L_z,Ear.R_x,Ear.R_y,Ear.R_z,hip.Center_x,hip.Center_y,hip.Center_z
0,-0.24801186,-0.37887755,0.03751725,0.097505674,-0.1258945,0.16204348,-0.08690108,0.2779206,0.08227304,0.061508078,0.27588242,-0.13901386,0.26091433,-0.05349758,0.038615964,0.14081478,-0.45444113,-0.14251208,0.24235176,-0.07232491,0.28873777,0.16754231,0.1962783,0.29767886,0.23262626,0.47741833,0.2693605,0.36583224,0.48305792,0.0068127243,0.34516907,0.21666005,-0.10171263,0.39260978,-0.04264694,-0.022757575,0.34222203,0.5206722,0.16074,0.51748455,0.6270352,0.23068213,0.51336724,0.47086617,0.23635241,0.5367507,0.52046937,0.20632334,0.50926614,0.52462757,0.26830143,0.48950785,0.5854511,0.13732763,0.42714083,0.5931781,0.27794266,-0.012696502730250359,0.276901513338089,-0.028370406478643417
