frame,Ankle.R_x,Ankle.R_y,Ankle.R_z,Knee.R_x,Knee.R_y,Knee.R_z,Hip.R_x,Hip.R_y,Hip.R_z,Hip.L_x,Hip.L_y,Hip.L_z,Knee.L_x,Knee.L_y,Knee.L_z,Ankle.L_x,Ankle.L_y,Ankle.L_z,Wrist.R_x,Wrist.R_y,Wrist.R_z,Elbow.R_x,Elbow.R_y,Elbow.R_z,Shoulder.R_x,Shoulder.R_y,Shoulder.R_z,Shoulder.L_x,Shoulder.L_y,Shoulder.L_z,Elbow.L_x,Elbow.L_y,Elbow.L_z,Wrist.L_x,Wrist.L_y,Wrist.L_z,Neck_x,Neck_y,Neck_z,Head_x,Head_y,Head_z,Nose_x,Nose_y,Nose_z,Eye.L_x,Eye.L_y,Eye.L_z,Eye.R_x,Eye.R_y,Eye.R_z,Ear.L_x,Ear.L_y,Ear.L_z,Ear.R_x,Ear.R_y,Ear.R_z,hip.Center_x,hip.Center_y,hip.Center_z
0,-0.1946025,-0.38803315,0.020207448,0.12569399,-0.11235463,0.16157064,-0.08678566,0.2776956,0.08295887,0.058337376,0.278588,-0.1408811,0.2700513,-0.040187977,0.04533475,0.12982576,-0.4395833,-0.12102324,0.21812353,-0.061082065,0.3058437,0.15457281,0.21080625,0.30440253,0.221923,0.49214056,0.26932496,0.36015928,0.50155747,0.00467234,0.34920037,0.2368977,-0.11190086,0.3962051,-0.024279796,-0.037647095,0.33340636,0.5393266,0.16059296,0.5038924,0.6545466,0.2338677,0.50441074,0.49853405,0.24345647,0.5272939,0.54833966,0.21293929,0.49732748,0.55315405,0.2737801,0.48069543,0.6098851,0.14021572,0.41274852,0.6191209,0.27849397,-0.014224141836166382,0.2781417965888977,-0.028961118310689926
