frame,Ankle.R_x,Ankle.R_y,Ankle.R_z,Knee.R_x,Knee.R_y,Knee.R_z,Hip.R_x,Hip.R_y,Hip.R_z,Hip.L_x,Hip.L_y,Hip.L_z,Knee.L_x,Knee.L_y,Knee.L_z,Ankle.L_x,Ankle.L_y,Ankle.L_z,Wrist.R_x,Wrist.R_y,Wrist.R_z,Elbow.R_x,Elbow.R_y,Elbow.R_z,Shoulder.R_x,Shoulder.R_y,Shoulder.R_z,Shoulder.L_x,Shoulder.L_y,Shoulder.L_z,Elbow.L_x,Elbow.L_y,Elbow.L_z,Wrist.L_x,Wrist.L_y,Wrist.L_z,Neck_x,Neck_y,Neck_z,Head_x,Head_y,Head_z,Nose_x,Nose_y,Nose_z,Eye.L_x,Eye.L_y,Eye.L_z,Eye.R_x,Eye.R_y,Eye.R_z,Ear.L_x,Ear.L_y,Ear.L_z,Ear.R_x,Ear.R_y,Ear.R_z,hip.Center_x,hip.Center_y,hip.Center_z
0,-0.034984354,-0.424478,0.039541394,0.18127681,-0.055192526,0.1777235,-0.08696305,0.27836633,0.08633393,0.052115038,0.28912383,-0.14502293,0.2913444,-0.02162752,0.018994102,0.10738568,-0.3940763,-0.16254175,0.13118105,-0.057496123,0.2910372,0.098979846,0.22102779,0.29627195,0.21245179,0.4932679,0.27703285,0.36313605,0.50896925,0.006895475,0.34641668,0.25224763,-0.13416222,0.39265102,-0.015770728,-0.079925045,0.33523303,0.54442215,0.1666607,0.5142628,0.6623951,0.22988136,0.5204594,0.50569105,0.22007933,0.5357624,0.5601612,0.19202761,0.51777256,0.5561928,0.2579851,0.47489548,0.6276557,0.13706693,0.43253082,0.61763847,0.2873508,-0.017424006015062332,0.28374508023262024,-0.029344499111175537
