frame,Ankle.R_x,Ankle.R_y,Ankle.R_z,Knee.R_x,Knee.R_y,Knee.R_z,Hip.R_x,Hip.R_y,Hip.R_z,Hip.L_x,Hip.L_y,Hip.L_z,Knee.L_x,Knee.L_y,Knee.L_z,Ankle.L_x,Ankle.L_y,Ankle.L_z,Wrist.R_x,Wrist.R_y,Wrist.R_z,Elbow.R_x,Elbow.R_y,Elbow.R_z,Shoulder.R_x,Shoulder.R_y,Shoulder.R_z,Shoulder.L_x,Shoulder.L_y,Shoulder.L_z,Elbow.L_x,Elbow.L_y,Elbow.L_z,Wrist.L_x,Wrist.L_y,Wrist.L_z,Neck_x,Neck_y,Neck_z,Head_x,Head_y,Head_z,Nose_x,Nose_y,Nose_z,Eye.L_x,Eye.L_y,Eye.L_z,Eye.R_x,Eye.R_y,Eye.R_z,Ear.L_x,Ear.L_y,Ear.L_z,Ear.R_x,Ear.R_y,Ear.R_z,hip.Center_x,hip.Center_y,hip.Center_z
0,0.28488407,-0.47823185,0.02301234,0.23995517,-0.0312793,0.10797638,-0.056050975,0.2667335,0.10353194,0.024904232,0.30291367,-0.14579578,0.20171581,-0.105589546,-0.13127998,-0.10249979,-0.41573903,-0.2696903,-0.040112924,0.030567728,0.2797502,0.0343523,0.29771134,0.30207333,0.21074885,0.53453875,0.26284996,0.34435278,0.5562098,-0.020094996,0.341895,0.29651076,-0.15754601,0.4159658,0.036610335,-0.102382444,0.32751772,0.5902071,0.14291184,0.50416523,0.7162436,0.20664999,0.5142263,0.55950904,0.19527853,0.5288612,0.6149967,0.16877583,0.50965124,0.6096965,0.23369654,0.4679106,0.68069386,0.11228697,0.42329124,0.6689321,0.26018432,-0.015573371201753616,0.28482359647750854,-0.02113191783428192
