frame,Ankle.R_x,Ankle.R_y,Ankle.R_z,Knee.R_x,Knee.R_y,Knee.R_z,Hip.R_x,Hip.R_y,Hip.R_z,Hip.L_x,Hip.L_y,Hip.L_z,Knee.L_x,Knee.L_y,Knee.L_z,Ankle.L_x,Ankle.L_y,Ankle.L_z,Wrist.R_x,Wrist.R_y,Wrist.R_z,Elbow.R_x,Elbow.R_y,Elbow.R_z,Shoulder.R_x,Shoulder.R_y,Shoulder.R_z,Shoulder.L_x,Shoulder.L_y,Shoulder.L_z,Elbow.L_x,Elbow.L_y,Elbow.L_z,Wrist.L_x,Wrist.L_y,Wrist.L_z,Neck_x,Neck_y,Neck_z,Head_x,Head_y,Head_z,Nose_x,Nose_y,Nose_z,Eye.L_x,Eye.L_y,Eye.L_z,Eye.R_x,Eye.R_y,Eye.R_z,Ear.L_x,Ear.L_y,Ear.L_z,Ear.R_x,Ear.R_y,Ear.R_z,hip.Center_x,hip.Center_y,hip.Center_z
0,0.2570902,-0.4891891,-0.009188153,0.24091549,-0.044191737,0.08642919,-0.039890822,0.26433307,0.10869211,0.01054548,0.3029859,-0.14685749,0.18978818,-0.09957036,-0.17280383,-0.13410279,-0.40392384,-0.26823074,-0.005985773,0.021109289,0.25282824,0.06907602,0.28708515,0.28100377,0.23681615,0.52781105,0.24039032,0.35033053,0.5539998,-0.0466793,0.35698968,0.29381692,-0.18048945,0.4417224,0.03592019,-0.13204615,0.34197125,0.5875424,0.11562106,0.5055645,0.7272735,0.17466898,0.5294282,0.57199526,0.17548612,0.54141587,0.62641406,0.14609231,0.5182627,0.6239493,0.20968127,0.47906482,0.68228126,0.081006065,0.42656884,0.6767614,0.22569658,-0.014672670513391495,0.2836594879627228,-0.0190826877951622
