frame,Ankle.R_x,Ankle.R_y,Ankle.R_z,Knee.R_x,Knee.R_y,Knee.R_z,Hip.R_x,Hip.R_y,Hip.R_z,Hip.L_x,Hip.L_y,Hip.L_z,Knee.L_x,Knee.L_y,Knee.L_z,Ankle.L_x,Ankle.L_y,Ankle.L_z,Wrist.R_x,Wrist.R_y,Wrist.R_z,Elbow.R_x,Elbow.R_y,Elbow.R_z,Shoulder.R_x,Shoulder.R_y,Shoulder.R_z,Shoulder.L_x,Shoulder.L_y,Shoulder.L_z,Elbow.L_x,Elbow.L_y,Elbow.L_z,Wrist.L_x,Wrist.L_y,Wrist.L_z,Neck_x,Neck_y,Neck_z,Head_x,Head_y,Head_z,Nose_x,Nose_y,Nose_z,Eye.L_x,Eye.L_y,Eye.L_z,Eye.R_x,Eye.R_y,Eye.R_z,Ear.L_x,Ear.L_y,Ear.L_z,Ear.R_x,Ear.R_y,Ear.R_z,hip.Center_x,hip.Center_y,hip.Center_z
0,-0.019616235,-0.46116185,-0.024662342,0.17556159,-0.099186115,0.12576689,-0.06004812,0.26061538,0.10104117,0.022674529,0.30280915,-0.14251927,0.32730627,0.04594824,-0.054767005,0.24229608,-0.3316519,-0.27046245,0.53257865,0.07885389,0.121417336,0.33543116,0.24516681,0.20987907,0.2641325,0.523761,0.2175057,0.26199523,0.6129306,-0.06692459,0.18923923,0.40934342,-0.25439304,0.33384523,0.18855911,-0.27358177,0.3067475,0.6117191,0.09160892,0.50696963,0.715955,0.10960135,0.48537868,0.56655914,0.07157095,0.4991173,0.62292653,0.049675312,0.50316733,0.607192,0.115450464,0.43500262,0.7051357,0.03307554,0.4435848,0.6680961,0.1825259,-0.018686793744564056,0.28171226382255554,-0.020739048719406128
