frame,Ankle.R_x,Ankle.R_y,Ankle.R_z,Knee.R_x,Knee.R_y,Knee.R_z,Hip.R_x,Hip.R_y,Hip.R_z,Hip.L_x,Hip.L_y,Hip.L_z,Knee.L_x,Knee.L_y,Knee.L_z,Ankle.L_x,Ankle.L_y,Ankle.L_z,Wrist.R_x,Wrist.R_y,Wrist.R_z,Elbow.R_x,Elbow.R_y,Elbow.R_z,Shoulder.R_x,Shoulder.R_y,Shoulder.R_z,Shoulder.L_x,Shoulder.L_y,Shoulder.L_z,Elbow.L_x,Elbow.L_y,Elbow.L_z,Wrist.L_x,Wrist.L_y,Wrist.L_z,Neck_x,Neck_y,Neck_z,Head_x,Head_y,Head_z,Nose_x,Nose_y,Nose_z,Eye.L_x,Eye.L_y,Eye.L_z,Eye.R_x,Eye.R_y,Eye.R_z,Ear.L_x,Ear.L_y,Ear.L_z,Ear.R_x,Ear.R_y,Ear.R_z,hip.Center_x,hip.Center_y,hip.Center_z
0,-0.11280688,-0.42853606,-0.049951833,0.13405031,-0.118455715,0.11791178,-0.070383,0.2618926,0.09495263,0.03534101,0.30724075,-0.13373792,0.31572402,0.03822485,-0.038897075,0.36581475,-0.33574834,-0.27338314,0.5593785,0.13682003,0.1473468,0.34796765,0.27638406,0.2387988,0.24860947,0.5434853,0.23681024,0.2432254,0.63797057,-0.0468241,0.15395421,0.45535707,-0.24316217,0.29644802,0.23866548,-0.24910581,0.288619,0.6337399,0.11336635,0.4807027,0.7490907,0.14610568,0.4728956,0.59800816,0.10943552,0.4850688,0.6553797,0.0879881,0.48318127,0.6410853,0.15407677,0.41747606,0.73233163,0.06263821,0.41340852,0.698326,0.21321112,-0.017520993947982788,0.2845666706562042,-0.019392646849155426
