frame,Ankle.R_x,Ankle.R_y,Ankle.R_z,Knee.R_x,Knee.R_y,Knee.R_z,Hip.R_x,Hip.R_y,Hip.R_z,Hip.L_x,Hip.L_y,Hip.L_z,Knee.L_x,Knee.L_y,Knee.L_z,Ankle.L_x,Ankle.L_y,Ankle.L_z,Wrist.R_x,Wrist.R_y,Wrist.R_z,Elbow.R_x,Elbow.R_y,Elbow.R_z,Shoulder.R_x,Shoulder.R_y,Shoulder.R_z,Shoulder.L_x,Shoulder.L_y,Shoulder.L_z,Elbow.L_x,Elbow.L_y,Elbow.L_z,Wrist.L_x,Wrist.L_y,Wrist.L_z,Neck_x,Neck_y,Neck_z,Head_x,Head_y,Head_z,Nose_x,Nose_y,Nose_z,Eye.L_x,Eye.L_y,Eye.L_z,Eye.R_x,Eye.R_y,Eye.R_z,Ear.L_x,Ear.L_y,Ear.L_z,Ear.R_x,Ear.R_y,Ear.R_z,hip.Center_x,hip.Center_y,hip.Center_z
0,-0.3482419,-0.43681288,-0.034003124,-0.0014364854,-0.1784372,0.07175383,-0.04251568,0.25577527,0.10531816,0.026417049,0.2984601,-0.13985257,0.27724367,-0.0016320704,-0.09698261,0.28190744,-0.42636,-0.2507614,0.3413712,-0.103662,0.1440723,0.29217413,0.1495333,0.23380786,0.3253097,0.4387098,0.2147951,0.3182936,0.5684582,-0.053857453,0.17767385,0.45194373,-0.27587998,0.17843074,0.21498534,-0.39910278,0.3739774,0.5357249,0.09665449,0.56115025,0.63858664,0.14177027,0.5614209,0.49679163,0.077081144,0.5713956,0.55741704,0.06699849,0.5700108,0.53099597,0.12915881,0.5007585,0.6339374,0.055606395,0.49795717,0.572657,0.19541496,-0.00804931577295065,0.27711766958236694,-0.01726720482110977
