frame,Ankle.R_x,Ankle.R_y,Ankle.R_z,Knee.R_x,Knee.R_y,Knee.R_z,Hip.R_x,Hip.R_y,Hip.R_z,Hip.L_x,Hip.L_y,Hip.L_z,Knee.L_x,Knee.L_y,Knee.L_z,Ankle.L_x,Ankle.L_y,Ankle.L_z,Wrist.R_x,Wrist.R_y,Wrist.R_z,Elbow.R_x,Elbow.R_y,Elbow.R_z,Shoulder.R_x,Shoulder.R_y,Shoulder.R_z,Shoulder.L_x,Shoulder.L_y,Shoulder.L_z,Elbow.L_x,Elbow.L_y,Elbow.L_z,Wrist.L_x,Wrist.L_y,Wrist.L_z,Neck_x,Neck_y,Neck_z,Head_x,Head_y,Head_z,Nose_x,Nose_y,Nose_z,Eye.L_x,Eye.L_y,Eye.L_z,Eye.R_x,Eye.R_y,Eye.R_z,Ear.L_x,Ear.L_y,Ear.L_z,Ear.R_x,Ear.R_y,Ear.R_z,hip.Center_x,hip.Center_y,hip.Center_z
0,0.007109921,-0.4771375,-0.035938885,0.18895394,-0.08279318,0.057656575,-0.034016594,0.27823415,0.11140693,0.0049754414,0.31605133,-0.14329325,0.20140862,-0.052212708,-0.17737873,0.020161144,-0.45480144,-0.26314098,0.15482752,0.0038430372,0.31044075,0.17470802,0.27869767,0.30272627,0.30287674,0.52861947,0.21622254,0.3731681,0.5508958,-0.088116094,0.3854831,0.30034837,-0.2364976,0.5122467,0.058497015,-0.2167637,0.3890478,0.5816286,0.07456207,0.58318114,0.69434106,0.113364756,0.5837344,0.5387323,0.085960135,0.5959275,0.5964688,0.0623732,0.58759475,0.5856029,0.12913394,0.52894443,0.6703596,0.022500865,0.50892353,0.64466447,0.17665432,-0.014520576223731041,0.29714274406433105,-0.01594315841794014
