frame,Ankle.R_x,Ankle.R_y,Ankle.R_z,Knee.R_x,Knee.R_y,Knee.R_z,Hip.R_x,Hip.R_y,Hip.R_z,Hip.L_x,Hip.L_y,Hip.L_z,Knee.L_x,Knee.L_y,Knee.L_z,Ankle.L_x,Ankle.L_y,Ankle.L_z,Wrist.R_x,Wrist.R_y,Wrist.R_z,Elbow.R_x,Elbow.R_y,Elbow.R_z,Shoulder.R_x,Shoulder.R_y,Shoulder.R_z,Shoulder.L_x,Shoulder.L_y,Shoulder.L_z,Elbow.L_x,Elbow.L_y,Elbow.L_z,Wrist.L_x,Wrist.L_y,Wrist.L_z,Neck_x,Neck_y,Neck_z,Head_x,Head_y,Head_z,Nose_x,Nose_y,Nose_z,Eye.L_x,Eye.L_y,Eye.L_z,Eye.R_x,Eye.R_y,Eye.R_z,Ear.L_x,Ear.L_y,Ear.L_z,Ear.R_x,Ear.R_y,Ear.R_z,hip.Center_x,hip.Center_y,hip.Center_z
0,0.076737784,-0.46418232,0.059359785,0.2227465,-0.0439512,0.09701023,-0.037394814,0.2862346,0.10986303,0.005568936,0.30607086,-0.14786534,0.20077676,-0.06210711,-0.16947223,0.08408617,-0.4905145,-0.27216083,0.0636284,0.05551894,0.2972381,0.12017643,0.32564655,0.28609523,0.285214,0.552506,0.20068206,0.35621822,0.565723,-0.11055341,0.32686028,0.332181,-0.28429604,0.42965472,0.07983852,-0.3114354,0.3750495,0.59861815,0.05638453,0.56456333,0.7144667,0.10270044,0.56647533,0.5566593,0.09223863,0.58279884,0.61155677,0.064660795,0.5651425,0.60808194,0.13027751,0.5226563,0.680455,0.007825434,0.48218608,0.6717061,0.16015941,-0.015912938863039017,0.2961527109146118,-0.019001156091690063
