frame,Ankle.R_x,Ankle.R_y,Ankle.R_z,Knee.R_x,Knee.R_y,Knee.R_z,Hip.R_x,Hip.R_y,Hip.R_z,Hip.L_x,Hip.L_y,Hip.L_z,Knee.L_x,Knee.L_y,Knee.L_z,Ankle.L_x,Ankle.L_y,Ankle.L_z,Wrist.R_x,Wrist.R_y,Wrist.R_z,Elbow.R_x,Elbow.R_y,Elbow.R_z,Shoulder.R_x,Shoulder.R_y,Shoulder.R_z,Shoulder.L_x,Shoulder.L_y,Shoulder.L_z,Elbow.L_x,Elbow.L_y,Elbow.L_z,Wrist.L_x,Wrist.L_y,Wrist.L_z,Neck_x,Neck_y,Neck_z,Head_x,Head_y,Head_z,Nose_x,Nose_y,Nose_z,Eye.L_x,Eye.L_y,Eye.L_z,Eye.R_x,Eye.R_y,Eye.R_z,Ear.L_x,Ear.L_y,Ear.L_z,Ear.R_x,Ear.R_y,Ear.R_z,hip.Center_x,hip.Center_y,hip.Center_z
0,0.037325166,-0.009520141,-0.005483334,0.25142926,0.21041188,0.2939615,-0.10826571,0.224683,0.07908569,0.03474673,0.29804924,-0.15602377,0.3293892,0.39570782,0.05361783,0.17302307,0.038347106,-0.14522761,-0.049099606,-0.051840346,0.27905804,-0.03252187,0.24098861,0.29564095,0.093986906,0.52292204,0.26646924,0.27114195,0.5575745,0.007101464,0.36893317,0.31041145,-0.14295337,0.50103354,0.054725252,-0.10811387,0.22028488,0.59290016,0.15901324,0.36431557,0.7554145,0.2138401,0.41756636,0.6044299,0.20056883,0.41443333,0.6620925,0.17184004,0.40218633,0.6517863,0.23990151,0.33197924,0.70980084,0.1231654,0.30300814,0.6882838,0.27546948,-0.03675949200987816,0.2613661289215088,-0.038469038903713226
