frame,Ankle.R_x,Ankle.R_y,Ankle.R_z,Knee.R_x,Knee.R_y,Knee.R_z,Hip.R_x,Hip.R_y,Hip.R_z,Hip.L_x,Hip.L_y,Hip.L_z,Knee.L_x,Knee.L_y,Knee.L_z,Ankle.L_x,Ankle.L_y,Ankle.L_z,Wrist.R_x,Wrist.R_y,Wrist.R_z,Elbow.R_x,Elbow.R_y,Elbow.R_z,Shoulder.R_x,Shoulder.R_y,Shoulder.R_z,Shoulder.L_x,Shoulder.L_y,Shoulder.L_z,Elbow.L_x,Elbow.L_y,Elbow.L_z,Wrist.L_x,Wrist.L_y,Wrist.L_z,Neck_x,Neck_y,Neck_z,Head_x,Head_y,Head_z,Nose_x,Nose_y,Nose_z,Eye.L_x,Eye.L_y,Eye.L_z,Eye.R_x,Eye.R_y,Eye.R_z,Ear.L_x,Ear.L_y,Ear.L_z,Ear.R_x,Ear.R_y,Ear.R_z,hip.Center_x,hip.Center_y,hip.Center_z
0,-0.03714151,-0.01569103,0.027340699,0.2562068,0.15382007,0.28817865,-0.10509646,0.23787652,0.08285901,0.03389498,0.29261816,-0.15893069,0.34787616,0.36480185,0.028181791,0.18495364,-0.006485124,-0.14155138,-0.03699287,-0.043314304,0.26326588,-0.010064745,0.24691558,0.28756568,0.12740937,0.5210036,0.25628555,0.2963768,0.54188925,-0.008939791,0.37460896,0.29216778,-0.16363716,0.49250346,0.030638117,-0.1300506,0.2530332,0.58116466,0.1447839,0.4072795,0.73299134,0.1995086,0.44969323,0.5790409,0.1871007,0.4510566,0.6363878,0.15843067,0.43718573,0.62739635,0.2261242,0.37290996,0.68957937,0.10824774,0.34091768,0.67053837,0.26042384,-0.03560074046254158,0.2652473449707031,-0.038035839796066284
