frame,Ankle.R_x,Ankle.R_y,Ankle.R_z,Knee.R_x,Knee.R_y,Knee.R_z,Hip.R_x,Hip.R_y,Hip.R_z,Hip.L_x,Hip.L_y,Hip.L_z,Knee.L_x,Knee.L_y,Knee.L_z,Ankle.L_x,Ankle.L_y,Ankle.L_z,Wrist.R_x,Wrist.R_y,Wrist.R_z,Elbow.R_x,Elbow.R_y,Elbow.R_z,Shoulder.R_x,Shoulder.R_y,Shoulder.R_z,Shoulder.L_x,Shoulder.L_y,Shoulder.L_z,Elbow.L_x,Elbow.L_y,Elbow.L_z,Wrist.L_x,Wrist.L_y,Wrist.L_z,Neck_x,Neck_y,Neck_z,Head_x,Head_y,Head_z,Nose_x,Nose_y,Nose_z,Eye.L_x,Eye.L_y,Eye.L_z,Eye.R_x,Eye.R_y,Eye.R_z,Ear.L_x,Ear.L_y,Ear.L_z,Ear.R_x,Ear.R_y,Ear.R_z,hip.Center_x,hip.Center_y,hip.Center_z
0,-0.09796976,-0.10126808,0.09576514,0.2510889,0.088120036,0.28981876,-0.09812332,0.27587754,0.08606394,0.035129104,0.27255085,-0.16688243,0.37937292,0.27608693,0.0185556,0.1432708,-0.09087688,-0.07116323,0.024129987,-0.004125791,0.30057824,0.028576288,0.2896574,0.28386107,0.18841493,0.54386485,0.21890917,0.3466308,0.5146322,-0.05352283,0.3921514,0.23915158,-0.1756188,0.483792,-0.025910461,-0.09794341,0.31211314,0.5718294,0.0989742,0.4845068,0.7002629,0.15510732,0.4973696,0.5409814,0.17352669,0.5148091,0.59133697,0.13803221,0.48723412,0.597362,0.20180188,0.45899794,0.6474318,0.06351521,0.39629716,0.66076916,0.20882645,-0.031497105956077576,0.2742142081260681,-0.04040924459695816
