frame,Ankle.R_x,Ankle.R_y,Ankle.R_z,Knee.R_x,Knee.R_y,Knee.R_z,Hip.R_x,Hip.R_y,Hip.R_z,Hip.L_x,Hip.L_y,Hip.L_z,Knee.L_x,Knee.L_y,Knee.L_z,Ankle.L_x,Ankle.L_y,Ankle.L_z,Wrist.R_x,Wrist.R_y,Wrist.R_z,Elbow.R_x,Elbow.R_y,Elbow.R_z,Shoulder.R_x,Shoulder.R_y,Shoulder.R_z,Shoulder.L_x,Shoulder.L_y,Shoulder.L_z,Elbow.L_x,Elbow.L_y,Elbow.L_z,Wrist.L_x,Wrist.L_y,Wrist.L_z,Neck_x,Neck_y,Neck_z,Head_x,Head_y,Head_z,Nose_x,Nose_y,Nose_z,Eye.L_x,Eye.L_y,Eye.L_z,Eye.R_x,Eye.R_y,Eye.R_z,Ear.L_x,Ear.L_y,Ear.L_z,Ear.R_x,Ear.R_y,Ear.R_z,hip.Center_x,hip.Center_y,hip.Center_z
0,-0.025937112,-0.2998022,0.24285227,0.20484161,0.08391836,0.269573,-0.09508684,0.30755824,0.07080586,0.05385654,0.25283623,-0.15362433,0.32828233,0.12387141,0.10206689,0.20044345,-0.30643007,0.04818496,-0.11409932,0.14233707,0.22903724,-0.03178586,0.4086178,0.2247818,0.2336051,0.5364914,0.20535088,0.37704542,0.44515055,-0.071237534,0.2577017,0.22117843,-0.22704157,0.2812469,-0.048724126,-0.1754549,0.36916867,0.52046263,0.08506801,0.55539834,0.632259,0.12770571,0.5558461,0.4746209,0.1429469,0.57396793,0.5232661,0.10720386,0.5546508,0.53048927,0.1728135,0.5164166,0.582518,0.040622942,0.4719818,0.59950346,0.19157724,-0.020615151152014732,0.28019723296165466,-0.04140923172235489
