frame,Ankle.R_x,Ankle.R_y,Ankle.R_z,Knee.R_x,Knee.R_y,Knee.R_z,Hip.R_x,Hip.R_y,Hip.R_z,Hip.L_x,Hip.L_y,Hip.L_z,Knee.L_x,Knee.L_y,Knee.L_z,Ankle.L_x,Ankle.L_y,Ankle.L_z,Wrist.R_x,Wrist.R_y,Wrist.R_z,Elbow.R_x,Elbow.R_y,Elbow.R_z,Shoulder.R_x,Shoulder.R_y,Shoulder.R_z,Shoulder.L_x,Shoulder.L_y,Shoulder.L_z,Elbow.L_x,Elbow.L_y,Elbow.L_z,Wrist.L_x,Wrist.L_y,Wrist.L_z,Neck_x,Neck_y,Neck_z,Head_x,Head_y,Head_z,Nose_x,Nose_y,Nose_z,Eye.L_x,Eye.L_y,Eye.L_z,Eye.R_x,Eye.R_y,Eye.R_z,Ear.L_x,Ear.L_y,Ear.L_z,Ear.R_x,Ear.R_y,Ear.R_z,hip.Center_x,hip.Center_y,hip.Center_z
0,0.38030982,-0.3773338,-0.020231608,0.32393909,0.07641344,0.040724833,-0.012283937,0.27955967,0.11823294,-0.029445129,0.31029162,-0.153486,0.23915607,-0.024823364,-0.21484052,-0.10442406,-0.3222019,-0.25692043,0.113403276,-0.0030422886,0.30361024,0.1629035,0.2747321,0.28398985,0.34588096,0.47814304,0.15284681,0.3652083,0.49358806,-0.16517393,0.25454932,0.25907868,-0.3167082,0.29900557,-0.01726947,-0.29163587,0.41549897,0.51351863,-0.003113171,0.6356422,0.5725457,0.011873223,0.5898986,0.4190377,0.00049146265,0.61653197,0.4680727,-0.029705815,0.60945123,0.46639717,0.038615108,0.57101965,0.556245,-0.07495531,0.5541343,0.5512921,0.08262329,-0.02086453326046467,0.29492563009262085,-0.017626527696847916
