frame,Ankle.R_x,Ankle.R_y,Ankle.R_z,Knee.R_x,Knee.R_y,Knee.R_z,Hip.R_x,Hip.R_y,Hip.R_z,Hip.L_x,Hip.L_y,Hip.L_z,Knee.L_x,Knee.L_y,Knee.L_z,Ankle.L_x,Ankle.L_y,Ankle.L_z,Wrist.R_x,Wrist.R_y,Wrist.R_z,Elbow.R_x,Elbow.R_y,Elbow.R_z,Shoulder.R_x,Shoulder.R_y,Shoulder.R_z,Shoulder.L_x,Shoulder.L_y,Shoulder.L_z,Elbow.L_x,Elbow.L_y,Elbow.L_z,Wrist.L_x,Wrist.L_y,Wrist.L_z,Neck_x,Neck_y,Neck_z,Head_x,Head_y,Head_z,Nose_x,Nose_y,Nose_z,Eye.L_x,Eye.L_y,Eye.L_z,Eye.R_x,Eye.R_y,Eye.R_z,Ear.L_x,Ear.L_y,Ear.L_z,Ear.R_x,Ear.R_y,Ear.R_z,hip.Center_x,hip.Center_y,hip.Center_z
0,0.20026657,-0.25283378,-0.06538127,0.33912513,0.14144221,0.06167365,0.005187801,0.26479468,0.116842195,-0.039903298,0.29945552,-0.14994693,0.13322967,-0.09098905,-0.242344,-0.30129975,-0.1614671,-0.19932778,0.5074517,-0.20011467,0.015709292,0.441056,0.055066288,0.10852799,0.41476017,0.3457252,0.088410065,0.38054377,0.43555015,-0.1768996,0.28226036,0.25615254,-0.37930185,0.31019115,-0.0052171354,-0.4601281,0.4428437,0.41290817,-0.03565262,0.63667345,0.4840217,-0.020326212,0.61788523,0.33334154,-0.06958171,0.6328128,0.39209256,-0.08720017,0.63311195,0.37155664,-0.021925028,0.5690871,0.47653148,-0.10209538,0.5696374,0.42979538,0.044064492,-0.01735774800181389,0.2821251153945923,-0.016552366316318512
