frame,Ankle.R_x,Ankle.R_y,Ankle.R_z,Knee.R_x,Knee.R_y,Knee.R_z,Hip.R_x,Hip.R_y,Hip.R_z,Hip.L_x,Hip.L_y,Hip.L_z,Knee.L_x,Knee.L_y,Knee.L_z,Ankle.L_x,Ankle.L_y,Ankle.L_z,Wrist.R_x,Wrist.R_y,Wrist.R_z,Elbow.R_x,Elbow.R_y,Elbow.R_z,Shoulder.R_x,Shoulder.R_y,Shoulder.R_z,Shoulder.L_x,Shoulder.L_y,Shoulder.L_z,Elbow.L_x,Elbow.L_y,Elbow.L_z,Wrist.L_x,Wrist.L_y,Wrist.L_z,Neck_x,Neck_y,Neck_z,Head_x,Head_y,Head_z,Nose_x,Nose_y,Nose_z,Eye.L_x,Eye.L_y,Eye.L_z,Eye.R_x,Eye.R_y,Eye.R_z,Ear.L_x,Ear.L_y,Ear.L_z,Ear.R_x,Ear.R_y,Ear.R_z,hip.Center_x,hip.Center_y,hip.Center_z
0,0.21693896,-0.34230623,-0.05969512,0.31466758,0.0653981,0.08465801,-0.028248824,0.24848309,0.115086995,-0.018653626,0.31971017,-0.14970331,0.31359816,0.07819797,-0.14378923,0.01940643,-0.22550386,-0.2581117,0.34924287,-0.19984195,0.069846705,0.34569407,0.057420213,0.17702582,0.36828125,0.3548746,0.17121935,0.3558327,0.51894975,-0.080398515,0.23944223,0.42345798,-0.3301155,0.25086027,0.19101079,-0.47502834,0.41210952,0.45934623,0.06199861,0.61207926,0.53562737,0.09628444,0.5930675,0.39798987,0.01799669,0.60701436,0.45880383,0.012019736,0.60918164,0.42583618,0.072144315,0.54244167,0.5447258,0.015402715,0.5467575,0.4683898,0.15137437,-0.023451223969459534,0.2840966284275055,-0.017308156937360764
