frame,Ankle.R_x,Ankle.R_y,Ankle.R_z,Knee.R_x,Knee.R_y,Knee.R_z,Hip.R_x,Hip.R_y,Hip.R_z,Hip.L_x,Hip.L_y,Hip.L_z,Knee.L_x,Knee.L_y,Knee.L_z,Ankle.L_x,Ankle.L_y,Ankle.L_z,Wrist.R_x,Wrist.R_y,Wrist.R_z,Elbow.R_x,Elbow.R_y,Elbow.R_z,Shoulder.R_x,Shoulder.R_y,Shoulder.R_z,Shoulder.L_x,Shoulder.L_y,Shoulder.L_z,Elbow.L_x,Elbow.L_y,Elbow.L_z,Wrist.L_x,Wrist.L_y,Wrist.L_z,Neck_x,Neck_y,Neck_z,Head_x,Head_y,Head_z,Nose_x,Nose_y,Nose_z,Eye.L_x,Eye.L_y,Eye.L_z,Eye.R_x,Eye.R_y,Eye.R_z,Ear.L_x,Ear.L_y,Ear.L_z,Ear.R_x,Ear.R_y,Ear.R_z,hip.Center_x,hip.Center_y,hip.Center_z
0,-0.08714007,-0.27305993,-0.013862258,0.22284952,-0.0408005,0.18922865,-0.079581484,0.24450868,0.09727007,0.02503644,0.31578678,-0.14809039,0.35586572,0.22172232,0.003624387,0.3454171,-0.18429148,-0.1959216,0.33196118,-0.19525646,0.17427093,0.25753218,0.06939483,0.24787375,0.28699374,0.3682117,0.25779802,0.3439923,0.50824773,-0.0027893782,0.28757018,0.35706827,-0.24930668,0.35311496,0.10206052,-0.3410813,0.36293834,0.4634764,0.15150614,0.5763874,0.51352596,0.19083211,0.52922714,0.3866688,0.10882759,0.55386716,0.44392428,0.1043615,0.5530614,0.40827215,0.16303067,0.5057229,0.53931403,0.11622887,0.5031136,0.45674273,0.2492136,-0.027272522449493408,0.2801477313041687,-0.025410160422325134
