frame,Ankle.R_x,Ankle.R_y,Ankle.R_z,Knee.R_x,Knee.R_y,Knee.R_z,Hip.R_x,Hip.R_y,Hip.R_z,Hip.L_x,Hip.L_y,Hip.L_z,Knee.L_x,Knee.L_y,Knee.L_z,Ankle.L_x,Ankle.L_y,Ankle.L_z,Wrist.R_x,Wrist.R_y,Wrist.R_z,Elbow.R_x,Elbow.R_y,Elbow.R_z,Shoulder.R_x,Shoulder.R_y,Shoulder.R_z,Shoulder.L_x,Shoulder.L_y,Shoulder.L_z,Elbow.L_x,Elbow.L_y,Elbow.L_z,Wrist.L_x,Wrist.L_y,Wrist.L_z,Neck_x,Neck_y,Neck_z,Head_x,Head_y,Head_z,Nose_x,Nose_y,Nose_z,Eye.L_x,Eye.L_y,Eye.L_z,Eye.R_x,Eye.R_y,Eye.R_z,Ear.L_x,Ear.L_y,Ear.L_z,Ear.R_x,Ear.R_y,Ear.R_z,hip.Center_x,hip.Center_y,hip.Center_z
0,-0.14607364,-0.1653599,-0.07006389,0.17107536,-0.09228557,0.21205583,-0.09397283,0.2344619,0.085330494,0.036099087,0.31010193,-0.14384522,0.342763,0.30693722,0.04128541,0.4515801,-0.11207014,-0.10132244,0.27966452,-0.16204292,0.22203739,0.2224508,0.11153252,0.27975488,0.24750333,0.41040328,0.26917714,0.3110676,0.527859,0.0014892817,0.2555683,0.37172017,-0.2436097,0.30063295,0.11453508,-0.3434244,0.32469758,0.49750447,0.15830335,0.53183734,0.55618024,0.20585638,0.4930647,0.4261039,0.12584984,0.51675344,0.4836853,0.1209305,0.51330066,0.45001,0.18034239,0.46534804,0.5770612,0.1268364,0.45761696,0.499636,0.2611164,-0.028936872258782387,0.2722819149494171,-0.029257360845804214
