frame,Ankle.R_x,Ankle.R_y,Ankle.R_z,Knee.R_x,Knee.R_y,Knee.R_z,Hip.R_x,Hip.R_y,Hip.R_z,Hip.L_x,Hip.L_y,Hip.L_z,Knee.L_x,Knee.L_y,Knee.L_z,Ankle.L_x,Ankle.L_y,Ankle.L_z,Wrist.R_x,Wrist.R_y,Wrist.R_z,Elbow.R_x,Elbow.R_y,Elbow.R_z,Shoulder.R_x,Shoulder.R_y,Shoulder.R_z,Shoulder.L_x,Shoulder.L_y,Shoulder.L_z,Elbow.L_x,Elbow.L_y,Elbow.L_z,Wrist.L_x,Wrist.L_y,Wrist.L_z,Neck_x,Neck_y,Neck_z,Head_x,Head_y,Head_z,Nose_x,Nose_y,Nose_z,Eye.L_x,Eye.L_y,Eye.L_z,Eye.R_x,Eye.R_y,Eye.R_z,Ear.L_x,Ear.L_y,Ear.L_z,Ear.R_x,Ear.R_y,Ear.R_z,hip.Center_x,hip.Center_y,hip.Center_z
0,-0.158615,-0.13708675,-0.0054629757,0.18067588,-0.045177862,0.24686053,-0.10090472,0.23354563,0.08248479,0.04288456,0.3081558,-0.14443573,0.35294676,0.3077706,0.029060552,0.3493647,-0.10138976,-0.16786817,0.09855612,-0.15857214,0.26435485,0.09758119,0.12329549,0.3168707,0.20923612,0.40390638,0.3051579,0.3396179,0.48475885,0.048309144,0.36930472,0.2613726,-0.14127047,0.45479435,0.013912554,-0.04438257,0.31648767,0.47475353,0.19833228,0.5177238,0.5471662,0.2351896,0.48639882,0.4131363,0.15704702,0.5031899,0.47310537,0.15099387,0.50863177,0.4382994,0.21008939,0.44380134,0.56027305,0.16353875,0.45410633,0.48140165,0.29708374,-0.02901007980108261,0.2708507180213928,-0.030975472182035446
