frame,Ankle.R_x,Ankle.R_y,Ankle.R_z,Knee.R_x,Knee.R_y,Knee.R_z,Hip.R_x,Hip.R_y,Hip.R_z,Hip.L_x,Hip.L_y,Hip.L_z,Knee.L_x,Knee.L_y,Knee.L_z,Ankle.L_x,Ankle.L_y,Ankle.L_z,Wrist.R_x,Wrist.R_y,Wrist.R_z,Elbow.R_x,Elbow.R_y,Elbow.R_z,Shoulder.R_x,Shoulder.R_y,Shoulder.R_z,Shoulder.L_x,Shoulder.L_y,Shoulder.L_z,Elbow.L_x,Elbow.L_y,Elbow.L_z,Wrist.L_x,Wrist.L_y,Wrist.L_z,Neck_x,Neck_y,Neck_z,Head_x,Head_y,Head_z,Nose_x,Nose_y,Nose_z,Eye.L_x,Eye.L_y,Eye.L_z,Eye.R_x,Eye.R_y,Eye.R_z,Ear.L_x,Ear.L_y,Ear.L_z,Ear.R_x,Ear.R_y,Ear.R_z,hip.Center_x,hip.Center_y,hip.Center_z
0,-0.06670916,-0.579627,-0.32780045,-0.08166044,-0.2154796,0.0020743194,-0.13350943,0.25828916,-0.018042926,0.12785167,0.2529621,-0.023723327,0.08211937,-0.2075144,0.07417693,0.04556381,-0.56613827,-0.261752,-0.26728535,0.14658587,0.043332074,-0.23942032,0.40792662,-0.06396198,-0.15113102,0.6876776,-0.00688109,0.15630697,0.6873632,-0.01236801,0.22153875,0.40534437,-0.086145625,0.23258242,0.14003976,0.005192983,0.0049708784,0.75969416,0.018751256,-0.0023070853,0.9764731,0.05719466,-0.007434109,0.8758776,0.17726098,0.027206179,0.9197922,0.14620496,-0.039748833,0.91640556,0.13885355,0.07728775,0.9068221,0.056818362,-0.07097221,0.90020156,0.04002491,-0.0028288811445236206,0.2556256353855133,-0.02088312618434429
