frame,Ankle.R_x,Ankle.R_y,Ankle.R_z,Knee.R_x,Knee.R_y,Knee.R_z,Hip.R_x,Hip.R_y,Hip.R_z,Hip.L_x,Hip.L_y,Hip.L_z,Knee.L_x,Knee.L_y,Knee.L_z,Ankle.L_x,Ankle.L_y,Ankle.L_z,Wrist.R_x,Wrist.R_y,Wrist.R_z,Elbow.R_x,Elbow.R_y,Elbow.R_z,Shoulder.R_x,Shoulder.R_y,Shoulder.R_z,Shoulder.L_x,Shoulder.L_y,Shoulder.L_z,Elbow.L_x,Elbow.L_y,Elbow.L_z,Wrist.L_x,Wrist.L_y,Wrist.L_z,Neck_x,Neck_y,Neck_z,Head_x,Head_y,Head_z,Nose_x,Nose_y,Nose_z,Eye.L_x,Eye.L_y,Eye.L_z,Eye.R_x,Eye.R_y,Eye.R_z,Ear.L_x,Ear.L_y,Ear.L_z,Ear.R_x,Ear.R_y,Ear.R_z,hip.Center_x,hip.Center_y,hip.Center_z
0,-0.07342619,-0.5767101,-0.34944165,-0.08407931,-0.21633169,-0.013248584,-0.13339959,0.25820386,-0.016419763,0.12765956,0.25360355,-0.022803655,0.08248386,-0.2128494,0.039925627,0.0514117,-0.5818319,-0.28875253,-0.2675212,0.14364275,0.037070278,-0.23881412,0.408726,-0.062156912,-0.15301043,0.6884863,0.0008438155,0.15445182,0.6901281,-0.005814273,0.22251654,0.40921932,-0.08320308,0.23930587,0.14465222,0.010576285,0.0028956067,0.7611101,0.027260086,-0.0042720735,0.9774519,0.069746956,-0.009094246,0.8746782,0.18825535,0.025496311,0.9191783,0.15774117,-0.04154111,0.9159297,0.15054347,0.07539493,0.9076961,0.06785098,-0.073132105,0.9014214,0.05141193,-0.002870015799999237,0.2559037208557129,-0.01961170881986618
