frame,Ankle.R_x,Ankle.R_y,Ankle.R_z,Knee.R_x,Knee.R_y,Knee.R_z,Hip.R_x,Hip.R_y,Hip.R_z,Hip.L_x,Hip.L_y,Hip.L_z,Knee.L_x,Knee.L_y,Knee.L_z,Ankle.L_x,Ankle.L_y,Ankle.L_z,Wrist.R_x,Wrist.R_y,Wrist.R_z,Elbow.R_x,Elbow.R_y,Elbow.R_z,Shoulder.R_x,Shoulder.R_y,Shoulder.R_z,Shoulder.L_x,Shoulder.L_y,Shoulder.L_z,Elbow.L_x,Elbow.L_y,Elbow.L_z,Wrist.L_x,Wrist.L_y,Wrist.L_z,Neck_x,Neck_y,Neck_z,Head_x,Head_y,Head_z,Nose_x,Nose_y,Nose_z,Eye.L_x,Eye.L_y,Eye.L_z,Eye.R_x,Eye.R_y,Eye.R_z,Ear.L_x,Ear.L_y,Ear.L_z,Ear.R_x,Ear.R_y,Ear.R_z,hip.Center_x,hip.Center_y,hip.Center_z
0,-0.06102533,-0.5676813,-0.354311,-0.081635326,-0.21654737,-0.010559929,-0.13358077,0.25795752,-0.018469071,0.12766474,0.25383714,-0.021878852,0.08208623,-0.20963615,0.060216393,0.0520996,-0.57038033,-0.2752645,-0.26958138,0.14191847,0.03985374,-0.24011809,0.40654677,-0.05956111,-0.15383905,0.6867984,0.00048014894,0.15365797,0.6898587,-0.005371649,0.22620998,0.41011,-0.08252556,0.24877416,0.1463132,0.011199705,0.00168637,0.7602644,0.02701746,-0.0068247514,0.97682774,0.06905285,-0.0111281425,0.87416923,0.18749622,0.023211364,0.9188473,0.15703896,-0.043760587,0.9152001,0.14977734,0.07317031,0.90762395,0.06729011,-0.07518609,0.90044975,0.0506875,-0.0029580146074295044,0.2558973431587219,-0.02017396129667759
