frame,Ankle.R_x,Ankle.R_y,Ankle.R_z,Knee.R_x,Knee.R_y,Knee.R_z,Hip.R_x,Hip.R_y,Hip.R_z,Hip.L_x,Hip.L_y,Hip.L_z,Knee.L_x,Knee.L_y,Knee.L_z,Ankle.L_x,Ankle.L_y,Ankle.L_z,Wrist.R_x,Wrist.R_y,Wrist.R_z,Elbow.R_x,Elbow.R_y,Elbow.R_z,Shoulder.R_x,Shoulder.R_y,Shoulder.R_z,Shoulder.L_x,Shoulder.L_y,Shoulder.L_z,Elbow.L_x,Elbow.L_y,Elbow.L_z,Wrist.L_x,Wrist.L_y,Wrist.L_z,Neck_x,Neck_y,Neck_z,Head_x,Head_y,Head_z,Nose_x,Nose_y,Nose_z,Eye.L_x,Eye.L_y,Eye.L_z,Eye.R_x,Eye.R_y,Eye.R_z,Ear.L_x,Ear.L_y,Ear.L_z,Ear.R_x,Ear.R_y,Ear.R_z,hip.Center_x,hip.Center_y,hip.Center_z
0,-0.07047633,-0.5637214,-0.33507913,-0.08682887,-0.21692216,0.0112010045,-0.13378426,0.25631097,-0.017773306,0.12724002,0.25608513,-0.02406376,0.10502196,-0.20848198,0.055461343,0.09075599,-0.5559695,-0.29416475,-0.28369758,0.13312317,0.040130857,-0.24701096,0.40117,-0.04833448,-0.1586797,0.6824862,0.0060909037,0.14965524,0.68893254,0.00052410737,0.23359227,0.41034645,-0.07048189,0.2647021,0.1480098,0.0256451,-0.0033250786,0.75800323,0.031733308,-0.010976367,0.9752974,0.067829475,-0.014029256,0.87666386,0.18956557,0.020028915,0.92016685,0.15717496,-0.047031008,0.91668034,0.15107246,0.068445124,0.90570706,0.06712549,-0.08010202,0.89878726,0.052996226,-0.003272123634815216,0.25619804859161377,-0.020918533205986023
