frame,Ankle.R_x,Ankle.R_y,Ankle.R_z,Knee.R_x,Knee.R_y,Knee.R_z,Hip.R_x,Hip.R_y,Hip.R_z,Hip.L_x,Hip.L_y,Hip.L_z,Knee.L_x,Knee.L_y,Knee.L_z,Ankle.L_x,Ankle.L_y,Ankle.L_z,Wrist.R_x,Wrist.R_y,Wrist.R_z,Elbow.R_x,Elbow.R_y,Elbow.R_z,Shoulder.R_x,Shoulder.R_y,Shoulder.R_z,Shoulder.L_x,Shoulder.L_y,Shoulder.L_z,Elbow.L_x,Elbow.L_y,Elbow.L_z,Wrist.L_x,Wrist.L_y,Wrist.L_z,Neck_x,Neck_y,Neck_z,Head_x,Head_y,Head_z,Nose_x,Nose_y,Nose_z,Eye.L_x,Eye.L_y,Eye.L_z,Eye.R_x,Eye.R_y,Eye.R_z,Ear.L_x,Ear.L_y,Ear.L_z,Ear.R_x,Ear.R_y,Ear.R_z,hip.Center_x,hip.Center_y,hip.Center_z
0,-0.08219715,-0.5416746,-0.31069624,-0.09463209,-0.212642,0.04729119,-0.13379632,0.2571264,-0.020526296,0.12756878,0.25542405,-0.025497805,0.10623031,-0.20047568,0.0909613,0.08814922,-0.537779,-0.2638413,-0.28579205,0.12828316,0.03372197,-0.24341542,0.39843708,-0.04368681,-0.15543862,0.6791891,0.0097398525,0.1529871,0.6824361,0.00611588,0.22941247,0.40171957,-0.06204474,0.2561811,0.1344936,0.020443548,0.00018280558,0.7540107,0.03574528,-0.0075718635,0.971848,0.06601278,-0.01434825,0.87708855,0.19017868,0.020687334,0.91957283,0.15773521,-0.046112712,0.9159429,0.14972307,0.07165187,0.90240085,0.06973742,-0.07616338,0.8951762,0.05153997,-0.003113768994808197,0.2562752366065979,-0.02301204949617386
