frame,Ankle.R_x,Ankle.R_y,Ankle.R_z,Knee.R_x,Knee.R_y,Knee.R_z,Hip.R_x,Hip.R_y,Hip.R_z,Hip.L_x,Hip.L_y,Hip.L_z,Knee.L_x,Knee.L_y,Knee.L_z,Ankle.L_x,Ankle.L_y,Ankle.L_z,Wrist.R_x,Wrist.R_y,Wrist.R_z,Elbow.R_x,Elbow.R_y,Elbow.R_z,Shoulder.R_x,Shoulder.R_y,Shoulder.R_z,Shoulder.L_x,Shoulder.L_y,Shoulder.L_z,Elbow.L_x,Elbow.L_y,Elbow.L_z,Wrist.L_x,Wrist.L_y,Wrist.L_z,Neck_x,Neck_y,Neck_z,Head_x,Head_y,Head_z,Nose_x,Nose_y,Nose_z,Eye.L_x,Eye.L_y,Eye.L_z,Eye.R_x,Eye.R_y,Eye.R_z,Ear.L_x,Ear.L_y,Ear.L_z,Ear.R_x,Ear.R_y,Ear.R_z,hip.Center_x,hip.Center_y,hip.Center_z
0,-0.101910636,-0.59304756,-0.33084476,-0.09944956,-0.21587345,-0.014640558,-0.13335249,0.2554618,-0.019257601,0.1263847,0.2554393,-0.01998533,0.11229228,-0.20851135,0.039498072,0.12189572,-0.6008184,-0.26197055,-0.28815594,0.13762131,0.055654943,-0.2514655,0.4004027,-0.047131162,-0.16022871,0.6795986,0.010583923,0.14688516,0.68702364,0.011792021,0.2384243,0.41176182,-0.06331296,0.27748963,0.14436933,0.014932403,-0.0062471656,0.75427216,0.040518723,-0.015532852,0.9698553,0.07602036,-0.01747592,0.8727352,0.19904019,0.016169477,0.91593766,0.16603523,-0.050894424,0.91200787,0.16030215,0.06416185,0.90070575,0.075934105,-0.084288545,0.8929611,0.062640816,-0.003483891487121582,0.2554505467414856,-0.019621465355157852
