frame,Ankle.R_x,Ankle.R_y,Ankle.R_z,Knee.R_x,Knee.R_y,Knee.R_z,Hip.R_x,Hip.R_y,Hip.R_z,Hip.L_x,Hip.L_y,Hip.L_z,Knee.L_x,Knee.L_y,Knee.L_z,Ankle.L_x,Ankle.L_y,Ankle.L_z,Wrist.R_x,Wrist.R_y,Wrist.R_z,Elbow.R_x,Elbow.R_y,Elbow.R_z,Shoulder.R_x,Shoulder.R_y,Shoulder.R_z,Shoulder.L_x,Shoulder.L_y,Shoulder.L_z,Elbow.L_x,Elbow.L_y,Elbow.L_z,Wrist.L_x,Wrist.L_y,Wrist.L_z,Neck_x,Neck_y,Neck_z,Head_x,Head_y,Head_z,Nose_x,Nose_y,Nose_z,Eye.L_x,Eye.L_y,Eye.L_z,Eye.R_x,Eye.R_y,Eye.R_z,Ear.L_x,Ear.L_y,Ear.L_z,Ear.R_x,Ear.R_y,Ear.R_z,hip.Center_x,hip.Center_y,hip.Center_z
0,-0.17859313,-0.36706966,-0.14829469,-0.3042481,0.015335524,0.027593886,-0.037051994,0.26653808,-0.15340221,0.059071757,0.27147886,0.09769238,-0.21975507,-0.024674125,0.17381221,-0.012473563,-0.40155238,0.05856627,-0.27622122,-0.07157096,-0.11972572,-0.29467228,0.1970101,-0.17746899,-0.37284878,0.44796115,-0.08970654,-0.3374624,0.4156292,0.18785284,-0.31455445,0.1367726,0.18436399,-0.38557518,-0.117969215,0.11423932,-0.40214628,0.46555084,0.058228377,-0.6139092,0.52081525,0.07600443,-0.5599274,0.37433985,0.095107764,-0.58314687,0.422841,0.12353063,-0.59035873,0.41209838,0.057663914,-0.53494006,0.513846,0.14446843,-0.55198395,0.4925374,-0.0031406283,0.011009881272912025,0.26900845766067505,-0.02785491570830345
