frame,Ankle.R_x,Ankle.R_y,Ankle.R_z,Knee.R_x,Knee.R_y,Knee.R_z,Hip.R_x,Hip.R_y,Hip.R_z,Hip.L_x,Hip.L_y,Hip.L_z,Knee.L_x,Knee.L_y,Knee.L_z,Ankle.L_x,Ankle.L_y,Ankle.L_z,Wrist.R_x,Wrist.R_y,Wrist.R_z,Elbow.R_x,Elbow.R_y,Elbow.R_z,Shoulder.R_x,Shoulder.R_y,Shoulder.R_z,Shoulder.L_x,Shoulder.L_y,Shoulder.L_z,Elbow.L_x,Elbow.L_y,Elbow.L_z,Wrist.L_x,Wrist.L_y,Wrist.L_z,Neck_x,Neck_y,Neck_z,Head_x,Head_y,Head_z,Nose_x,Nose_y,Nose_z,Eye.L_x,Eye.L_y,Eye.L_z,Eye.R_x,Eye.R_y,Eye.R_z,Ear.L_x,Ear.L_y,Ear.L_z,Ear.R_x,Ear.R_y,Ear.R_z,hip.Center_x,hip.Center_y,hip.Center_z
0,-0.280587,-0.41720855,-0.071307845,0.04748363,-0.16995767,0.08996529,-0.05821385,0.25980413,0.10038927,0.032083675,0.296877,-0.1411412,0.3104876,0.039332554,-0.03485248,0.36027774,-0.3861522,-0.17532822,0.48450166,-0.014869985,0.04337201,0.3477028,0.18420243,0.17203711,0.3071335,0.4677745,0.20785841,0.29710737,0.57951,-0.063243605,0.19950275,0.40483773,-0.26764834,0.29585195,0.15997802,-0.30618972,0.34891796,0.56037605,0.08985788,0.55302095,0.6440301,0.118676335,0.52210397,0.50195247,0.063807234,0.54128015,0.5589898,0.04869431,0.5413325,0.5364271,0.112430364,0.48407194,0.64689976,0.03881695,0.48438516,0.5937512,0.18283895,-0.013065086677670479,0.27834057807922363,-0.020375967025756836
