frame,Ankle.R_x,Ankle.R_y,Ankle.R_z,Knee.R_x,Knee.R_y,Knee.R_z,Hip.R_x,Hip.R_y,Hip.R_z,Hip.L_x,Hip.L_y,Hip.L_z,Knee.L_x,Knee.L_y,Knee.L_z,Ankle.L_x,Ankle.L_y,Ankle.L_z,Wrist.R_x,Wrist.R_y,Wrist.R_z,Elbow.R_x,Elbow.R_y,Elbow.R_z,Shoulder.R_x,Shoulder.R_y,Shoulder.R_z,Shoulder.L_x,Shoulder.L_y,Shoulder.L_z,Elbow.L_x,Elbow.L_y,Elbow.L_z,Wrist.L_x,Wrist.L_y,Wrist.L_z,Neck_x,Neck_y,Neck_z,Head_x,Head_y,Head_z,Nose_x,Nose_y,Nose_z,Eye.L_x,Eye.L_y,Eye.L_z,Eye.R_x,Eye.R_y,Eye.R_z,Ear.L_x,Ear.L_y,Ear.L_z,Ear.R_x,Ear.R_y,Ear.R_z,hip.Center_x,hip.Center_y,hip.Center_z
0,-0.15812764,-0.30890703,0.19953156,0.16200428,0.0033336158,0.26714087,-0.09162473,0.305973,0.07487264,0.055814788,0.2576699,-0.15423186,0.3303835,0.09900562,0.08586895,0.18505242,-0.33009398,0.023351092,-0.03552835,0.078020975,0.32429725,-0.0074059693,0.3508093,0.26666936,0.24259642,0.50974613,0.22380397,0.38773355,0.4332334,-0.054114524,0.290899,0.20169735,-0.2185057,0.3609326,-0.05874804,-0.1550298,0.37824276,0.49964234,0.104300514,0.57477516,0.5964546,0.14767504,0.56363136,0.43839502,0.15431227,0.5837323,0.48740032,0.120202966,0.56845,0.49227962,0.18723044,0.52776265,0.5553891,0.060545284,0.49192265,0.56648886,0.21436787,-0.017904970794916153,0.28182142972946167,-0.03967960923910141
