frame,Ankle.R_x,Ankle.R_y,Ankle.R_z,Knee.R_x,Knee.R_y,Knee.R_z,Hip.R_x,Hip.R_y,Hip.R_z,Hip.L_x,Hip.L_y,Hip.L_z,Knee.L_x,Knee.L_y,Knee.L_z,Ankle.L_x,Ankle.L_y,Ankle.L_z,Wrist.R_x,Wrist.R_y,Wrist.R_z,Elbow.R_x,Elbow.R_y,Elbow.R_z,Shoulder.R_x,Shoulder.R_y,Shoulder.R_z,Shoulder.L_x,Shoulder.L_y,Shoulder.L_z,Elbow.L_x,Elbow.L_y,Elbow.L_z,Wrist.L_x,Wrist.L_y,Wrist.L_z,Neck_x,Neck_y,Neck_z,Head_x,Head_y,Head_z,Nose_x,Nose_y,Nose_z,Eye.L_x,Eye.L_y,Eye.L_z,Eye.R_x,Eye.R_y,Eye.R_z,Ear.L_x,Ear.L_y,Ear.L_z,Ear.R_x,Ear.R_y,Ear.R_z,hip.Center_x,hip.Center_y,hip.Center_z
0,-0.20341009,-0.3746156,-0.1757949,-0.3019667,0.010653725,0.018120117,-0.041087344,0.2664262,-0.15306248,0.06331362,0.26501995,0.09943195,-0.2394784,0.001679661,0.15544659,-0.09654857,-0.40341035,0.031414263,-0.31572962,-0.09878829,0.05301905,-0.3416754,0.14125879,-0.081078574,-0.39334738,0.41010794,-0.06818983,-0.32952484,0.41640967,0.20066324,-0.25234535,0.14971036,0.22275375,-0.26200205,-0.119213365,0.17651449,-0.4089481,0.4483237,0.07215378,-0.6083442,0.53027695,0.10456031,-0.57038164,0.38204172,0.14248002,-0.58255446,0.43731773,0.16467164,-0.60237,0.41678104,0.10361034,-0.5208361,0.521801,0.16087939,-0.56530994,0.47954732,0.024037786,0.011113137006759644,0.2657230794429779,-0.026815265417099
