frame,Ankle.R_x,Ankle.R_y,Ankle.R_z,Knee.R_x,Knee.R_y,Knee.R_z,Hip.R_x,Hip.R_y,Hip.R_z,Hip.L_x,Hip.L_y,Hip.L_z,Knee.L_x,Knee.L_y,Knee.L_z,Ankle.L_x,Ankle.L_y,Ankle.L_z,Wrist.R_x,Wrist.R_y,Wrist.R_z,Elbow.R_x,Elbow.R_y,Elbow.R_z,Shoulder.R_x,Shoulder.R_y,Shoulder.R_z,Shoulder.L_x,Shoulder.L_y,Shoulder.L_z,Elbow.L_x,Elbow.L_y,Elbow.L_z,Wrist.L_x,Wrist.L_y,Wrist.L_z,Neck_x,Neck_y,Neck_z,Head_x,Head_y,Head_z,Nose_x,Nose_y,Nose_z,Eye.L_x,Eye.L_y,Eye.L_z,Eye.R_x,Eye.R_y,Eye.R_z,Ear.L_x,Ear.L_y,Ear.L_z,Ear.R_x,Ear.R_y,Ear.R_z,hip.Center_x,hip.Center_y,hip.Center_z
0,0.08286014,-0.31999904,-0.04147921,0.30835772,0.03211626,0.085506186,-0.025619462,0.24632838,0.11562792,-0.023944944,0.3243796,-0.1464302,0.32133707,0.13097559,-0.16034798,0.12608694,-0.24517249,-0.28662795,0.32730484,-0.19387098,0.060406774,0.3311901,0.06577337,0.16367455,0.36966717,0.36164558,0.16216646,0.35546935,0.52165717,-0.09083888,0.2641596,0.39556822,-0.33615926,0.31556666,0.14850079,-0.44496164,0.41246086,0.46621817,0.050941687,0.61672115,0.53937054,0.07629755,0.5895462,0.4029724,-0.0012799874,0.6053275,0.4632034,-0.0076873805,0.60902417,0.4301367,0.052238792,0.543534,0.55136114,-0.0012738854,0.55185306,0.4744368,0.13459997,-0.024782203137874603,0.28535398840904236,-0.015401136130094528
