frame,Ankle.R_x,Ankle.R_y,Ankle.R_z,Knee.R_x,Knee.R_y,Knee.R_z,Hip.R_x,Hip.R_y,Hip.R_z,Hip.L_x,Hip.L_y,Hip.L_z,Knee.L_x,Knee.L_y,Knee.L_z,Ankle.L_x,Ankle.L_y,Ankle.L_z,Wrist.R_x,Wrist.R_y,Wrist.R_z,Elbow.R_x,Elbow.R_y,Elbow.R_z,Shoulder.R_x,Shoulder.R_y,Shoulder.R_z,Shoulder.L_x,Shoulder.L_y,Shoulder.L_z,Elbow.L_x,Elbow.L_y,Elbow.L_z,Wrist.L_x,Wrist.L_y,Wrist.L_z,Neck_x,Neck_y,Neck_z,Head_x,Head_y,Head_z,Nose_x,Nose_y,Nose_z,Eye.L_x,Eye.L_y,Eye.L_z,Eye.R_x,Eye.R_y,Eye.R_z,Ear.L_x,Ear.L_y,Ear.L_z,Ear.R_x,Ear.R_y,Ear.R_z,hip.Center_x,hip.Center_y,hip.Center_z
0,0.32996637,-0.30696753,-0.08031674,0.34533462,0.12616983,0.047655627,0.0011982922,0.26974127,0.11897886,-0.0418484,0.30577013,-0.15010822,0.1870062,-0.06119891,-0.24503978,-0.23689443,-0.17546758,-0.17679055,0.4843458,-0.14141226,0.14539462,0.38345927,0.11689536,0.20580095,0.39117366,0.401995,0.10889386,0.37460947,0.45002508,-0.177365,0.33531755,0.2059513,-0.33979386,0.41706994,-0.06123051,-0.3124531,0.4296755,0.45280078,-0.03082345,0.645562,0.49789357,-0.030133188,0.5934094,0.3483755,-0.057510868,0.61849153,0.40019494,-0.08372094,0.6188499,0.38866618,-0.01589584,0.57232654,0.49497518,-0.1088957,0.5722177,0.46873933,0.04431879,-0.020325053483247757,0.28775569796562195,-0.015564680099487305
