frame,Ankle.R_x,Ankle.R_y,Ankle.R_z,Knee.R_x,Knee.R_y,Knee.R_z,Hip.R_x,Hip.R_y,Hip.R_z,Hip.L_x,Hip.L_y,Hip.L_z,Knee.L_x,Knee.L_y,Knee.L_z,Ankle.L_x,Ankle.L_y,Ankle.L_z,Wrist.R_x,Wrist.R_y,Wrist.R_z,Elbow.R_x,Elbow.R_y,Elbow.R_z,Shoulder.R_x,Shoulder.R_y,Shoulder.R_z,Shoulder.L_x,Shoulder.L_y,Shoulder.L_z,Elbow.L_x,Elbow.L_y,Elbow.L_z,Wrist.L_x,Wrist.L_y,Wrist.L_z,Neck_x,Neck_y,Neck_z,Head_x,Head_y,Head_z,Nose_x,Nose_y,Nose_z,Eye.L_x,Eye.L_y,Eye.L_z,Eye.R_x,Eye.R_y,Eye.R_z,Ear.L_x,Ear.L_y,Ear.L_z,Ear.R_x,Ear.R_y,Ear.R_z,hip.Center_x,hip.Center_y,hip.Center_z
0,-0.20952964,-0.391885,-0.33940256,-0.26996073,-0.031737022,-0.10079044,-0.011281606,0.2819676,-0.14594752,0.025517363,0.24838863,0.1071078,-0.16247007,-0.121050484,0.11557625,0.08021141,-0.48443043,0.04728905,-0.16327922,0.10498841,-0.37908906,-0.1792055,0.35813808,-0.29484272,-0.29523906,0.5381982,-0.12105599,-0.34450403,0.42913717,0.13887852,-0.3295719,0.14878154,0.13239673,-0.37325573,-0.10384716,0.061936494,-0.36888018,0.5173238,0.015837146,-0.5728289,0.59298986,0.010303358,-0.5358358,0.44303662,-0.0025441982,-0.5594775,0.48467997,0.03367378,-0.55586386,0.4919184,-0.03217294,-0.5096776,0.559858,0.08357528,-0.50137126,0.57732576,-0.062278517,0.007117878645658493,0.2651781141757965,-0.019419856369495392
