frame,Ankle.R_x,Ankle.R_y,Ankle.R_z,Knee.R_x,Knee.R_y,Knee.R_z,Hip.R_x,Hip.R_y,Hip.R_z,Hip.L_x,Hip.L_y,Hip.L_z,Knee.L_x,Knee.L_y,Knee.L_z,Ankle.L_x,Ankle.L_y,Ankle.L_z,Wrist.R_x,Wrist.R_y,Wrist.R_z,Elbow.R_x,Elbow.R_y,Elbow.R_z,Shoulder.R_x,Shoulder.R_y,Shoulder.R_z,Shoulder.L_x,Shoulder.L_y,Shoulder.L_z,Elbow.L_x,Elbow.L_y,Elbow.L_z,Wrist.L_x,Wrist.L_y,Wrist.L_z,Neck_x,Neck_y,Neck_z,Head_x,Head_y,Head_z,Nose_x,Nose_y,Nose_z,Eye.L_x,Eye.L_y,Eye.L_z,Eye.R_x,Eye.R_y,Eye.R_z,Ear.L_x,Ear.L_y,Ear.L_z,Ear.R_x,Ear.R_y,Ear.R_z,hip.Center_x,hip.Center_y,hip.Center_z
0,-0.16336566,-0.17184602,0.07257517,0.16533378,0.021619936,0.31191757,-0.10704094,0.28924012,0.07293647,0.05708764,0.27494234,-0.16014981,0.36835924,0.2147739,0.07680589,0.16790015,-0.17615213,-0.04070114,0.010601293,-0.0155423125,0.28973135,0.023681443,0.27872267,0.2848497,0.1977684,0.53094137,0.24452533,0.3617238,0.5050725,-0.035233423,0.33373868,0.24168944,-0.18798465,0.39686087,-0.028990353,-0.10557238,0.33214992,0.556864,0.12689245,0.5320628,0.6525798,0.18621339,0.50801015,0.49454618,0.19578543,0.53542525,0.5415476,0.16209026,0.51253533,0.550076,0.22736079,0.49130645,0.6131349,0.093367875,0.4382127,0.6321141,0.24333009,-0.02497665025293827,0.2820912301540375,-0.04360667243599892
