frame,Ankle.R_x,Ankle.R_y,Ankle.R_z,Knee.R_x,Knee.R_y,Knee.R_z,Hip.R_x,Hip.R_y,Hip.R_z,Hip.L_x,Hip.L_y,Hip.L_z,Knee.L_x,Knee.L_y,Knee.L_z,Ankle.L_x,Ankle.L_y,Ankle.L_z,Wrist.R_x,Wrist.R_y,Wrist.R_z,Elbow.R_x,Elbow.R_y,Elbow.R_z,Shoulder.R_x,Shoulder.R_y,Shoulder.R_z,Shoulder.L_x,Shoulder.L_y,Shoulder.L_z,Elbow.L_x,Elbow.L_y,Elbow.L_z,Wrist.L_x,Wrist.L_y,Wrist.L_z,Neck_x,Neck_y,Neck_z,Head_x,Head_y,Head_z,Nose_x,Nose_y,Nose_z,Eye.L_x,Eye.L_y,Eye.L_z,Eye.R_x,Eye.R_y,Eye.R_z,Ear.L_x,Ear.L_y,Ear.L_z,Ear.R_x,Ear.R_y,Ear.R_z,hip.Center_x,hip.Center_y,hip.Center_z
0,0.3094517,-0.2612213,-0.08906728,0.34656432,0.1566869,0.05890087,-0.0005089005,0.27337533,0.11835585,-0.044808637,0.3000042,-0.15264829,0.21770294,-0.03508922,-0.22964635,-0.2014572,-0.14787662,-0.17433462,0.5720041,-0.13666502,0.08492386,0.44576752,0.1039182,0.15895899,0.40713894,0.38584793,0.07567886,0.36022422,0.44227752,-0.20387824,0.29504132,0.22346148,-0.38723412,0.36246285,-0.04397084,-0.42677242,0.42897093,0.43999976,-0.06204523,0.6315596,0.50863343,-0.061815154,0.6035203,0.35713565,-0.10757585,0.61864483,0.41525242,-0.12732203,0.62358713,0.39526343,-0.061567467,0.55681956,0.5030648,-0.13896844,0.5670389,0.4578057,0.009936273,-0.02265876904129982,0.28668975830078125,-0.017146218568086624
