frame,Ankle.R_x,Ankle.R_y,Ankle.R_z,Knee.R_x,Knee.R_y,Knee.R_z,Hip.R_x,Hip.R_y,Hip.R_z,Hip.L_x,Hip.L_y,Hip.L_z,Knee.L_x,Knee.L_y,Knee.L_z,Ankle.L_x,Ankle.L_y,Ankle.L_z,Wrist.R_x,Wrist.R_y,Wrist.R_z,Elbow.R_x,Elbow.R_y,Elbow.R_z,Shoulder.R_x,Shoulder.R_y,Shoulder.R_z,Shoulder.L_x,Shoulder.L_y,Shoulder.L_z,Elbow.L_x,Elbow.L_y,Elbow.L_z,Wrist.L_x,Wrist.L_y,Wrist.L_z,Neck_x,Neck_y,Neck_z,Head_x,Head_y,Head_z,Nose_x,Nose_y,Nose_z,Eye.L_x,Eye.L_y,Eye.L_z,Eye.R_x,Eye.R_y,Eye.R_z,Ear.L_x,Ear.L_y,Ear.L_z,Ear.R_x,Ear.R_y,Ear.R_z,hip.Center_x,hip.Center_y,hip.Center_z
0,0.24196078,-0.20425938,-0.08715469,0.33892167,0.18535358,0.08332677,-0.00053755357,0.26562655,0.11783557,-0.03955636,0.2985785,-0.1507996,0.16010852,-0.07387027,-0.24686243,-0.26970387,-0.15234187,-0.19468136,0.647932,-0.12010991,0.017365992,0.5037161,0.08909243,0.1342451,0.41881913,0.36397788,0.08755061,0.38326633,0.43641013,-0.17675644,0.3458451,0.23745343,-0.38016194,0.42912227,-0.02301979,-0.4105533,0.43992925,0.4219678,-0.038391754,0.6328633,0.49269605,-0.03222751,0.6125391,0.3428108,-0.0848192,0.62558246,0.4023744,-0.10163208,0.63040346,0.37972966,-0.036963418,0.560111,0.48671675,-0.10953605,0.5703944,0.43573743,0.035509247,-0.020046956837177277,0.2821025252342224,-0.016482017934322357
