frame,Ankle.R_x,Ankle.R_y,Ankle.R_z,Knee.R_x,Knee.R_y,Knee.R_z,Hip.R_x,Hip.R_y,Hip.R_z,Hip.L_x,Hip.L_y,Hip.L_z,Knee.L_x,Knee.L_y,Knee.L_z,Ankle.L_x,Ankle.L_y,Ankle.L_z,Wrist.R_x,Wrist.R_y,Wrist.R_z,Elbow.R_x,Elbow.R_y,Elbow.R_z,Shoulder.R_x,Shoulder.R_y,Shoulder.R_z,Shoulder.L_x,Shoulder.L_y,Shoulder.L_z,Elbow.L_x,Elbow.L_y,Elbow.L_z,Wrist.L_x,Wrist.L_y,Wrist.L_z,Neck_x,Neck_y,Neck_z,Head_x,Head_y,Head_z,Nose_x,Nose_y,Nose_z,Eye.L_x,Eye.L_y,Eye.L_z,Eye.R_x,Eye.R_y,Eye.R_z,Ear.L_x,Ear.L_y,Ear.L_z,Ear.R_x,Ear.R_y,Ear.R_z,hip.Center_x,hip.Center_y,hip.Center_z
0,-0.18161565,-0.16896722,-0.04963701,0.15993892,-0.103853785,0.21636662,-0.098901615,0.23612297,0.0814947,0.043283727,0.30659467,-0.1441878,0.35340896,0.28769457,0.055294998,0.42572892,-0.1444525,-0.08736001,0.21771231,-0.1601277,0.28236258,0.1735776,0.121614605,0.3190485,0.22544648,0.41814312,0.28696954,0.31747705,0.52121246,0.020034343,0.29560977,0.35843813,-0.22847366,0.35611856,0.09523416,-0.30952856,0.31479195,0.49677822,0.17570624,0.51795566,0.5612352,0.21937561,0.48465496,0.42957184,0.1388116,0.50426084,0.48876727,0.13407136,0.50525826,0.45397604,0.1931437,0.44776952,0.57848316,0.14347385,0.4488349,0.49869674,0.2771903,-0.027808943763375282,0.27135881781578064,-0.03134654834866524
