frame,Ankle.R_x,Ankle.R_y,Ankle.R_z,Knee.R_x,Knee.R_y,Knee.R_z,Hip.R_x,Hip.R_y,Hip.R_z,Hip.L_x,Hip.L_y,Hip.L_z,Knee.L_x,Knee.L_y,Knee.L_z,Ankle.L_x,Ankle.L_y,Ankle.L_z,Wrist.R_x,Wrist.R_y,Wrist.R_z,Elbow.R_x,Elbow.R_y,Elbow.R_z,Shoulder.R_x,Shoulder.R_y,Shoulder.R_z,Shoulder.L_x,Shoulder.L_y,Shoulder.L_z,Elbow.L_x,Elbow.L_y,Elbow.L_z,Wrist.L_x,Wrist.L_y,Wrist.L_z,Neck_x,Neck_y,Neck_z,Head_x,Head_y,Head_z,Nose_x,Nose_y,Nose_z,Eye.L_x,Eye.L_y,Eye.L_z,Eye.R_x,Eye.R_y,Eye.R_z,Ear.L_x,Ear.L_y,Ear.L_z,Ear.R_x,Ear.R_y,Ear.R_z,hip.Center_x,hip.Center_y,hip.Center_z
0,0.3805667,-0.3690851,-0.03076391,0.3226217,0.07961852,0.042704042,-0.010796388,0.28435403,0.11584868,-0.029707896,0.29896227,-0.15650806,0.2562257,-0.023143277,-0.17698991,-0.117489785,-0.2660687,-0.16456401,-0.012392911,0.093477175,0.26601464,0.105444424,0.34663224,0.2579121,0.33444482,0.50008476,0.14308919,0.35600394,0.508942,-0.1790264,0.21466707,0.30347615,-0.34075713,0.25657558,0.029709317,-0.3357124,0.40791085,0.53067166,-0.015802145,0.6172878,0.6119509,-0.0024682777,0.591329,0.45458722,-0.015813824,0.6112615,0.5069379,-0.045317505,0.6053621,0.5032172,0.022879414,0.55471134,0.587868,-0.088275656,0.5407965,0.57867765,0.06875098,-0.02025214210152626,0.2916581630706787,-0.020329687744379044
