frame,Ankle.R_x,Ankle.R_y,Ankle.R_z,Knee.R_x,Knee.R_y,Knee.R_z,Hip.R_x,Hip.R_y,Hip.R_z,Hip.L_x,Hip.L_y,Hip.L_z,Knee.L_x,Knee.L_y,Knee.L_z,Ankle.L_x,Ankle.L_y,Ankle.L_z,Wrist.R_x,Wrist.R_y,Wrist.R_z,Elbow.R_x,Elbow.R_y,Elbow.R_z,Shoulder.R_x,Shoulder.R_y,Shoulder.R_z,Shoulder.L_x,Shoulder.L_y,Shoulder.L_z,Elbow.L_x,Elbow.L_y,Elbow.L_z,Wrist.L_x,Wrist.L_y,Wrist.L_z,Neck_x,Neck_y,Neck_z,Head_x,Head_y,Head_z,Nose_x,Nose_y,Nose_z,Eye.L_x,Eye.L_y,Eye.L_z,Eye.R_x,Eye.R_y,Eye.R_z,Ear.L_x,Ear.L_y,Ear.L_z,Ear.R_x,Ear.R_y,Ear.R_z,hip.Center_x,hip.Center_y,hip.Center_z
0,-0.18089378,-0.395149,-0.07634696,0.10405172,-0.13016576,0.09483919,-0.06521186,0.26630288,0.09704459,0.03477468,0.3133491,-0.13130736,0.28885943,0.021099096,-0.047767535,0.38475737,-0.3593042,-0.2501216,0.58432424,0.16683757,0.11983702,0.37109682,0.27981257,0.23271883,0.26749936,0.5459907,0.23648265,0.22715256,0.6672976,-0.039037958,0.07402559,0.529815,-0.23207593,0.17636727,0.3018936,-0.2890734,0.29403198,0.6499559,0.11583907,0.4786054,0.7812206,0.14762327,0.48492348,0.6347738,0.093904324,0.48862687,0.6957483,0.078708775,0.4939227,0.67408645,0.14276132,0.41058326,0.7660309,0.066802144,0.42300504,0.71551436,0.21328408,-0.015218591317534447,0.289825975894928,-0.017131388187408447
