frame,Ankle.R_x,Ankle.R_y,Ankle.R_z,Knee.R_x,Knee.R_y,Knee.R_z,Hip.R_x,Hip.R_y,Hip.R_z,Hip.L_x,Hip.L_y,Hip.L_z,Knee.L_x,Knee.L_y,Knee.L_z,Ankle.L_x,Ankle.L_y,Ankle.L_z,Wrist.R_x,Wrist.R_y,Wrist.R_z,Elbow.R_x,Elbow.R_y,Elbow.R_z,Shoulder.R_x,Shoulder.R_y,Shoulder.R_z,Shoulder.L_x,Shoulder.L_y,Shoulder.L_z,Elbow.L_x,Elbow.L_y,Elbow.L_z,Wrist.L_x,Wrist.L_y,Wrist.L_z,Neck_x,Neck_y,Neck_z,Head_x,Head_y,Head_z,Nose_x,Nose_y,Nose_z,Eye.L_x,Eye.L_y,Eye.L_z,Eye.R_x,Eye.R_y,Eye.R_z,Ear.L_x,Ear.L_y,Ear.L_z,Ear.R_x,Ear.R_y,Ear.R_z,hip.Center_x,hip.Center_y,hip.Center_z
0,-0.29238284,-0.11914514,0.036926307,0.1007432,-0.10445022,0.22606203,-0.09840428,0.2831438,0.07648621,0.061693463,0.27063864,-0.15114184,0.33531395,0.1797449,0.10134084,0.22251068,-0.23840496,-0.020361077,-0.02574633,0.0008565024,0.27348384,0.020079885,0.2817614,0.27879795,0.2256989,0.49601603,0.24396233,0.3777718,0.45422876,-0.029327188,0.35050523,0.19366875,-0.17279476,0.41525406,-0.073259726,-0.112088636,0.35580924,0.5128514,0.12554698,0.53553194,0.6321167,0.16760854,0.5454674,0.47462723,0.17852776,0.55981445,0.5249724,0.14305483,0.5422775,0.52925736,0.20963714,0.49649426,0.5837225,0.08086207,0.45628107,0.59293795,0.23229867,-0.018355408683419228,0.27689123153686523,-0.03732781484723091
