frame,Ankle.R_x,Ankle.R_y,Ankle.R_z,Knee.R_x,Knee.R_y,Knee.R_z,Hip.R_x,Hip.R_y,Hip.R_z,Hip.L_x,Hip.L_y,Hip.L_z,Knee.L_x,Knee.L_y,Knee.L_z,Ankle.L_x,Ankle.L_y,Ankle.L_z,Wrist.R_x,Wrist.R_y,Wrist.R_z,Elbow.R_x,Elbow.R_y,Elbow.R_z,Shoulder.R_x,Shoulder.R_y,Shoulder.R_z,Shoulder.L_x,Shoulder.L_y,Shoulder.L_z,Elbow.L_x,Elbow.L_y,Elbow.L_z,Wrist.L_x,Wrist.L_y,Wrist.L_z,Neck_x,Neck_y,Neck_z,Head_x,Head_y,Head_z,Nose_x,Nose_y,Nose_z,Eye.L_x,Eye.L_y,Eye.L_z,Eye.R_x,Eye.R_y,Eye.R_z,Ear.L_x,Ear.L_y,Ear.L_z,Ear.R_x,Ear.R_y,Ear.R_z,hip.Center_x,hip.Center_y,hip.Center_z
0,-0.06615807,-0.41068494,-0.2875177,-0.26013914,-0.044444196,-0.14636746,0.009033895,0.2841317,-0.15088925,0.018396426,0.2552137,0.111875966,-0.30932578,0.04027616,0.06674077,-0.34382343,-0.40165678,0.0126699805,-0.41536048,0.050338577,-0.17165078,-0.30073687,0.29081333,-0.2173804,-0.30975208,0.5490307,-0.13719392,-0.31501877,0.5014713,0.146001,-0.27950376,0.22647804,0.18062112,-0.36202568,-0.02644257,0.14757839,-0.3567757,0.56607115,0.006453568,-0.5488585,0.67589915,0.010773263,-0.5397307,0.5193595,0.02111229,-0.5501392,0.5706724,0.052174404,-0.55548817,0.5667832,-0.014802334,-0.4802537,0.6428851,0.082563825,-0.49138448,0.63551986,-0.06835112,0.013715161010622978,0.269672691822052,-0.01950664073228836
