frame,Ankle.R_x,Ankle.R_y,Ankle.R_z,Knee.R_x,Knee.R_y,Knee.R_z,Hip.R_x,Hip.R_y,Hip.R_z,Hip.L_x,Hip.L_y,Hip.L_z,Knee.L_x,Knee.L_y,Knee.L_z,Ankle.L_x,Ankle.L_y,Ankle.L_z,Wrist.R_x,Wrist.R_y,Wrist.R_z,Elbow.R_x,Elbow.R_y,Elbow.R_z,Shoulder.R_x,Shoulder.R_y,Shoulder.R_z,Shoulder.L_x,Shoulder.L_y,Shoulder.L_z,Elbow.L_x,Elbow.L_y,Elbow.L_z,Wrist.L_x,Wrist.L_y,Wrist.L_z,Neck_x,Neck_y,Neck_z,Head_x,Head_y,Head_z,Nose_x,Nose_y,Nose_z,Eye.L_x,Eye.L_y,Eye.L_z,Eye.R_x,Eye.R_y,Eye.R_z,Ear.L_x,Ear.L_y,Ear.L_z,Ear.R_x,Ear.R_y,Ear.R_z,hip.Center_x,hip.Center_y,hip.Center_z
0,0.41743076,-0.3402346,0.06463745,0.3501486,0.12366948,0.05289369,3.973348e-05,0.30093145,0.11668659,-0.04821964,0.30180395,-0.15829909,0.21821222,-0.05547281,-0.2131277,-0.17924236,-0.24783936,-0.104761735,0.35196164,-0.10543166,0.15575124,0.29719335,0.17550635,0.20317972,0.38584626,0.4495694,0.09165159,0.370042,0.45814532,-0.21635307,0.28686005,0.18125023,-0.30770257,0.35593665,-0.080973044,-0.20873676,0.43055195,0.48337016,-0.06366944,0.6540994,0.52085125,-0.071659505,0.59459317,0.36942184,-0.06999819,0.62164533,0.4153074,-0.1056827,0.6211909,0.41759923,-0.03624292,0.57902324,0.5065701,-0.15266307,0.5765799,0.51115644,0.008764498,-0.024089952930808067,0.30136770009994507,-0.020806249231100082
