frame,Ankle.R_x,Ankle.R_y,Ankle.R_z,Knee.R_x,Knee.R_y,Knee.R_z,Hip.R_x,Hip.R_y,Hip.R_z,Hip.L_x,Hip.L_y,Hip.L_z,Knee.L_x,Knee.L_y,Knee.L_z,Ankle.L_x,Ankle.L_y,Ankle.L_z,Wrist.R_x,Wrist.R_y,Wrist.R_z,Elbow.R_x,Elbow.R_y,Elbow.R_z,Shoulder.R_x,Shoulder.R_y,Shoulder.R_z,Shoulder.L_x,Shoulder.L_y,Shoulder.L_z,Elbow.L_x,Elbow.L_y,Elbow.L_z,Wrist.L_x,Wrist.L_y,Wrist.L_z,Neck_x,Neck_y,Neck_z,Head_x,Head_y,Head_z,Nose_x,Nose_y,Nose_z,Eye.L_x,Eye.L_y,Eye.L_z,Eye.R_x,Eye.R_y,Eye.R_z,Ear.L_x,Ear.L_y,Ear.L_z,Ear.R_x,Ear.R_y,Ear.R_z,hip.Center_x,hip.Center_y,hip.Center_z
0,0.18211158,-0.48085254,-0.036132455,0.2661319,-0.047927935,0.075409055,-0.019588312,0.2568561,0.11241385,-0.017338865,0.31387722,-0.14791039,0.2604685,-0.017428895,-0.20837411,-0.081718795,-0.30476832,-0.20868671,0.3839007,-0.04668203,0.1351721,0.28264475,0.18821383,0.24491319,0.31145486,0.48308623,0.21116145,0.30835924,0.60349476,-0.070292845,0.1912658,0.44754416,-0.28905374,0.23950283,0.18368411,-0.34098294,0.35948065,0.57540613,0.086745426,0.56019175,0.6674092,0.11759492,0.54265445,0.5155066,0.07673702,0.5583472,0.57254195,0.056606844,0.555524,0.55687994,0.12288564,0.49618945,0.65595734,0.032062873,0.4890262,0.6181848,0.18250704,-0.018463589251041412,0.28536665439605713,-0.017748266458511353
