frame,Ankle.R_x,Ankle.R_y,Ankle.R_z,Knee.R_x,Knee.R_y,Knee.R_z,Hip.R_x,Hip.R_y,Hip.R_z,Hip.L_x,Hip.L_y,Hip.L_z,Knee.L_x,Knee.L_y,Knee.L_z,Ankle.L_x,Ankle.L_y,Ankle.L_z,Wrist.R_x,Wrist.R_y,Wrist.R_z,Elbow.R_x,Elbow.R_y,Elbow.R_z,Shoulder.R_x,Shoulder.R_y,Shoulder.R_z,Shoulder.L_x,Shoulder.L_y,Shoulder.L_z,Elbow.L_x,Elbow.L_y,Elbow.L_z,Wrist.L_x,Wrist.L_y,Wrist.L_z,Neck_x,Neck_y,Neck_z,Head_x,Head_y,Head_z,Nose_x,Nose_y,Nose_z,Eye.L_x,Eye.L_y,Eye.L_z,Eye.R_x,Eye.R_y,Eye.R_z,Ear.L_x,Ear.L_y,Ear.L_z,Ear.R_x,Ear.R_y,Ear.R_z,hip.Center_x,hip.Center_y,hip.Center_z
0,-0.17441589,-0.41439903,-0.26125628,-0.2741793,-0.034552023,-0.068349525,-0.016600516,0.27530593,-0.14897314,0.0301083,0.25453255,0.10610613,-0.15536565,-0.12121956,0.12643869,0.121107474,-0.45987716,0.052466046,-0.19060434,0.070979215,-0.34652725,-0.22375669,0.32855928,-0.27550465,-0.31852123,0.5292903,-0.115830116,-0.34333238,0.43642896,0.15014777,-0.31988117,0.15837632,0.1434065,-0.34303188,-0.10081766,0.08186393,-0.37764704,0.51621306,0.025676306,-0.57980835,0.59200203,0.0325456,-0.5450106,0.44084203,0.021946333,-0.5656967,0.48401693,0.0584434,-0.566623,0.489008,-0.007839365,-0.51173407,0.56035084,0.10247333,-0.513395,0.5730597,-0.04416894,0.006753891706466675,0.2649192214012146,-0.021433502435684204
