frame,Ankle.R_x,Ankle.R_y,Ankle.R_z,Knee.R_x,Knee.R_y,Knee.R_z,Hip.R_x,Hip.R_y,Hip.R_z,Hip.L_x,Hip.L_y,Hip.L_z,Knee.L_x,Knee.L_y,Knee.L_z,Ankle.L_x,Ankle.L_y,Ankle.L_z,Wrist.R_x,Wrist.R_y,Wrist.R_z,Elbow.R_x,Elbow.R_y,Elbow.R_z,Shoulder.R_x,Shoulder.R_y,Shoulder.R_z,Shoulder.L_x,Shoulder.L_y,Shoulder.L_z,Elbow.L_x,Elbow.L_y,Elbow.L_z,Wrist.L_x,Wrist.L_y,Wrist.L_z,Neck_x,Neck_y,Neck_z,Head_x,Head_y,Head_z,Nose_x,Nose_y,Nose_z,Eye.L_x,Eye.L_y,Eye.L_z,Eye.R_x,Eye.R_y,Eye.R_z,Ear.L_x,Ear.L_y,Ear.L_z,Ear.R_x,Ear.R_y,Ear.R_z,hip.Center_x,hip.Center_y,hip.Center_z
0,-0.24475753,-0.36596686,-0.2951771,-0.30157667,0.017935993,-0.08911836,-0.008721938,0.2942388,-0.14754395,0.032427415,0.24961023,0.1086776,-0.23004536,-0.06552799,0.09966392,-0.08705066,-0.47202677,-0.015211461,-0.2812797,0.08231116,-0.35312328,-0.23971954,0.3441717,-0.29511058,-0.3259564,0.5273824,-0.100940414,-0.35342097,0.4078339,0.16358489,-0.36488402,0.123984784,0.15744421,-0.4922282,-0.09242311,0.058527123,-0.38827142,0.49933693,0.042801283,-0.596499,0.5744,0.058559075,-0.56094015,0.42168832,0.048105553,-0.5800395,0.46616662,0.08517797,-0.5847517,0.47013792,0.018387595,-0.52345705,0.5438113,0.12592326,-0.5338414,0.5558127,-0.02388924,0.011852738447487354,0.27192452549934387,-0.019433174282312393
