frame,Ankle.R_x,Ankle.R_y,Ankle.R_z,Knee.R_x,Knee.R_y,Knee.R_z,Hip.R_x,Hip.R_y,Hip.R_z,Hip.L_x,Hip.L_y,Hip.L_z,Knee.L_x,Knee.L_y,Knee.L_z,Ankle.L_x,Ankle.L_y,Ankle.L_z,Wrist.R_x,Wrist.R_y,Wrist.R_z,Elbow.R_x,Elbow.R_y,Elbow.R_z,Shoulder.R_x,Shoulder.R_y,Shoulder.R_z,Shoulder.L_x,Shoulder.L_y,Shoulder.L_z,Elbow.L_x,Elbow.L_y,Elbow.L_z,Wrist.L_x,Wrist.L_y,Wrist.L_z,Neck_x,Neck_y,Neck_z,Head_x,Head_y,Head_z,Nose_x,Nose_y,Nose_z,Eye.L_x,Eye.L_y,Eye.L_z,Eye.R_x,Eye.R_y,Eye.R_z,Ear.L_x,Ear.L_y,Ear.L_z,Ear.R_x,Ear.R_y,Ear.R_z,hip.Center_x,hip.Center_y,hip.Center_z
0,0.20625979,-0.20198609,-0.10661837,0.34359494,0.17214444,0.06416749,0.007195712,0.26257694,0.11730945,-0.045027334,0.30476835,-0.14733846,0.13459516,-0.07835846,-0.25824612,-0.29221386,-0.14256735,-0.17506203,0.5958847,-0.16409998,-0.002671951,0.49166125,0.07471664,0.100712,0.4201272,0.35855567,0.081308335,0.37461057,0.45618328,-0.1793283,0.3032299,0.27770817,-0.3949284,0.35715565,0.020246383,-0.4787771,0.44051647,0.4319595,-0.04032321,0.6273878,0.51879454,-0.024002122,0.6230421,0.3695017,-0.08170845,0.63161546,0.43083465,-0.09609307,0.63515854,0.4065709,-0.031936612,0.55901647,0.50908315,-0.105487734,0.5668878,0.45458502,0.038266145,-0.01891581155359745,0.28367263078689575,-0.015014506876468658
