frame,Ankle.R_x,Ankle.R_y,Ankle.R_z,Knee.R_x,Knee.R_y,Knee.R_z,Hip.R_x,Hip.R_y,Hip.R_z,Hip.L_x,Hip.L_y,Hip.L_z,Knee.L_x,Knee.L_y,Knee.L_z,Ankle.L_x,Ankle.L_y,Ankle.L_z,Wrist.R_x,Wrist.R_y,Wrist.R_z,Elbow.R_x,Elbow.R_y,Elbow.R_z,Shoulder.R_x,Shoulder.R_y,Shoulder.R_z,Shoulder.L_x,Shoulder.L_y,Shoulder.L_z,Elbow.L_x,Elbow.L_y,Elbow.L_z,Wrist.L_x,Wrist.L_y,Wrist.L_z,Neck_x,Neck_y,Neck_z,Head_x,Head_y,Head_z,Nose_x,Nose_y,Nose_z,Eye.L_x,Eye.L_y,Eye.L_z,Eye.R_x,Eye.R_y,Eye.R_z,Ear.L_x,Ear.L_y,Ear.L_z,Ear.R_x,Ear.R_y,Ear.R_z,hip.Center_x,hip.Center_y,hip.Center_z
0,-0.03991108,-0.31917238,-0.29271722,-0.29970682,-0.039534856,-0.069461085,-0.026314542,0.28357267,-0.15570876,0.057601087,0.26445305,0.10435194,-0.2911842,0.09373053,0.1471476,-0.3510768,-0.34662148,0.049337618,-0.3775848,-0.06950974,-0.05095682,-0.36187166,0.19761358,-0.1296774,-0.383394,0.46900064,-0.058647294,-0.29355744,0.46251935,0.21963517,-0.18271308,0.20122357,0.2606223,-0.16081354,-0.07287227,0.25671053,-0.38827455,0.5000074,0.092807695,-0.59057087,0.5819218,0.13984041,-0.5514838,0.43163365,0.1675448,-0.5621615,0.48658872,0.19338886,-0.5844394,0.47026712,0.13133676,-0.4992905,0.57195526,0.19291498,-0.54989785,0.53614306,0.052584164,0.015643272548913956,0.27401286363601685,-0.02567841112613678
