frame,Ankle.R_x,Ankle.R_y,Ankle.R_z,Knee.R_x,Knee.R_y,Knee.R_z,Hip.R_x,Hip.R_y,Hip.R_z,Hip.L_x,Hip.L_y,Hip.L_z,Knee.L_x,Knee.L_y,Knee.L_z,Ankle.L_x,Ankle.L_y,Ankle.L_z,Wrist.R_x,Wrist.R_y,Wrist.R_z,Elbow.R_x,Elbow.R_y,Elbow.R_z,Shoulder.R_x,Shoulder.R_y,Shoulder.R_z,Shoulder.L_x,Shoulder.L_y,Shoulder.L_z,Elbow.L_x,Elbow.L_y,Elbow.L_z,Wrist.L_x,Wrist.L_y,Wrist.L_z,Neck_x,Neck_y,Neck_z,Head_x,Head_y,Head_z,Nose_x,Nose_y,Nose_z,Eye.L_x,Eye.L_y,Eye.L_z,Eye.R_x,Eye.R_y,Eye.R_z,Ear.L_x,Ear.L_y,Ear.L_z,Ear.R_x,Ear.R_y,Ear.R_z,hip.Center_x,hip.Center_y,hip.Center_z
0,0.23145436,-0.37808347,-0.24857448,-0.1085471,-0.12832259,-0.1801099,0.005991525,0.28188056,-0.14423373,0.0041535962,0.25386882,0.1086896,-0.24236499,-0.044715054,0.07146712,-0.18830177,-0.47675174,0.01906367,-0.26068717,0.043622367,-0.37382716,-0.26091295,0.29857326,-0.2997097,-0.35063273,0.49400175,-0.13255748,-0.35576457,0.411348,0.13861795,-0.28390482,0.14493999,0.16209273,-0.30338192,-0.112687126,0.11030967,-0.40380305,0.48288995,0.010677088,-0.6006824,0.56516725,0.02664147,-0.5784324,0.4127474,0.0077569326,-0.5949045,0.45559007,0.046994973,-0.5965144,0.46457022,-0.018918678,-0.53394246,0.52461135,0.09388168,-0.5376884,0.54586864,-0.053074695,0.005072560627013445,0.26787468791007996,-0.017772067338228226
