frame,Ankle.R_x,Ankle.R_y,Ankle.R_z,Knee.R_x,Knee.R_y,Knee.R_z,Hip.R_x,Hip.R_y,Hip.R_z,Hip.L_x,Hip.L_y,Hip.L_z,Knee.L_x,Knee.L_y,Knee.L_z,Ankle.L_x,Ankle.L_y,Ankle.L_z,Wrist.R_x,Wrist.R_y,Wrist.R_z,Elbow.R_x,Elbow.R_y,Elbow.R_z,Shoulder.R_x,Shoulder.R_y,Shoulder.R_z,Shoulder.L_x,Shoulder.L_y,Shoulder.L_z,Elbow.L_x,Elbow.L_y,Elbow.L_z,Wrist.L_x,Wrist.L_y,Wrist.L_z,Neck_x,Neck_y,Neck_z,Head_x,Head_y,Head_z,Nose_x,Nose_y,Nose_z,Eye.L_x,Eye.L_y,Eye.L_z,Eye.R_x,Eye.R_y,Eye.R_z,Ear.L_x,Ear.L_y,Ear.L_z,Ear.R_x,Ear.R_y,Ear.R_z,hip.Center_x,hip.Center_y,hip.Center_z
0,-0.007126605,-0.4459378,0.016978128,0.22214371,-0.07036199,0.13157746,-0.061676115,0.26630893,0.1017736,0.02621966,0.30096775,-0.14956068,0.27004355,-0.0638812,-0.09348899,0.020265194,-0.39754468,-0.28788307,0.21103175,-0.048070785,0.2748997,0.16551183,0.22928277,0.2963648,0.23850188,0.51602626,0.2554877,0.32501704,0.5705811,-0.034852695,0.29260936,0.3227514,-0.19104281,0.36259797,0.05423378,-0.16670367,0.3276558,0.587129,0.132157,0.50701326,0.7050996,0.19596024,0.5150758,0.54882103,0.17425036,0.5293073,0.6054665,0.15022464,0.5119951,0.59672326,0.21569419,0.46683013,0.6765314,0.10071539,0.42674044,0.65498394,0.24931328,-0.017728228121995926,0.2836383581161499,-0.023893538862466812
