frame,Ankle.R_x,Ankle.R_y,Ankle.R_z,Knee.R_x,Knee.R_y,Knee.R_z,Hip.R_x,Hip.R_y,Hip.R_z,Hip.L_x,Hip.L_y,Hip.L_z,Knee.L_x,Knee.L_y,Knee.L_z,Ankle.L_x,Ankle.L_y,Ankle.L_z,Wrist.R_x,Wrist.R_y,Wrist.R_z,Elbow.R_x,Elbow.R_y,Elbow.R_z,Shoulder.R_x,Shoulder.R_y,Shoulder.R_z,Shoulder.L_x,Shoulder.L_y,Shoulder.L_z,Elbow.L_x,Elbow.L_y,Elbow.L_z,Wrist.L_x,Wrist.L_y,Wrist.L_z,Neck_x,Neck_y,Neck_z,Head_x,Head_y,Head_z,Nose_x,Nose_y,Nose_z,Eye.L_x,Eye.L_y,Eye.L_z,Eye.R_x,Eye.R_y,Eye.R_z,Ear.L_x,Ear.L_y,Ear.L_z,Ear.R_x,Ear.R_y,Ear.R_z,hip.Center_x,hip.Center_y,hip.Center_z
0,0.25459096,-0.47246093,0.03404998,0.2503055,-0.020615991,0.12522715,-0.059603024,0.2701524,0.102496296,0.024867559,0.2953185,-0.15113252,0.2388865,-0.09185939,-0.09023442,-0.060738504,-0.42182904,-0.19440098,-0.014174473,0.008954619,0.2893361,0.04702026,0.2826249,0.2964272,0.21835448,0.52394223,0.25353277,0.35436103,0.5328146,-0.027697597,0.34053862,0.26568055,-0.15253443,0.3999229,0.0033924063,-0.08103445,0.3363649,0.571142,0.13384944,0.5194268,0.68447214,0.19937277,0.5165448,0.52699214,0.19304703,0.5368072,0.57994246,0.16529623,0.514866,0.5785426,0.22974414,0.48374432,0.6492353,0.10456492,0.43295813,0.64579636,0.25125867,-0.017367731779813766,0.2827354669570923,-0.024318113923072815
