frame,Ankle.R_x,Ankle.R_y,Ankle.R_z,Knee.R_x,Knee.R_y,Knee.R_z,Hip.R_x,Hip.R_y,Hip.R_z,Hip.L_x,Hip.L_y,Hip.L_z,Knee.L_x,Knee.L_y,Knee.L_z,Ankle.L_x,Ankle.L_y,Ankle.L_z,Wrist.R_x,Wrist.R_y,Wrist.R_z,Elbow.R_x,Elbow.R_y,Elbow.R_z,Shoulder.R_x,Shoulder.R_y,Shoulder.R_z,Shoulder.L_x,Shoulder.L_y,Shoulder.L_z,Elbow.L_x,Elbow.L_y,Elbow.L_z,Wrist.L_x,Wrist.L_y,Wrist.L_z,Neck_x,Neck_y,Neck_z,Head_x,Head_y,Head_z,Nose_x,Nose_y,Nose_z,Eye.L_x,Eye.L_y,Eye.L_z,Eye.R_x,Eye.R_y,Eye.R_z,Ear.L_x,Ear.L_y,Ear.L_z,Ear.R_x,Ear.R_y,Ear.R_z,hip.Center_x,hip.Center_y,hip.Center_z
0,0.012887165,-0.4513093,-0.27316186,-0.18276605,-0.0921339,-0.16290927,0.0010489826,0.2876724,-0.13910677,0.011717604,0.25617093,0.103506625,-0.20979525,-0.08217114,0.08122034,-0.25891465,-0.49913678,-0.0122586,-0.18862166,0.37931335,-0.49377155,-0.07267474,0.55284154,-0.34155142,-0.13156053,0.69767404,-0.124221705,-0.24782127,0.6493774,0.12625688,-0.47676182,0.51047564,0.13286878,-0.710553,0.44631794,0.036410503,-0.21196076,0.7124401,0.008131509,-0.3464283,0.87547266,0.017489579,-0.3971753,0.72972906,0.039968062,-0.38194102,0.7826277,0.06653403,-0.39706418,0.7782403,0.0018390976,-0.28847215,0.8214472,0.08294335,-0.3187932,0.81301534,-0.064137235,0.006383293308317661,0.27192166447639465,-0.017800070345401764
