frame,Ankle.R_x,Ankle.R_y,Ankle.R_z,Knee.R_x,Knee.R_y,Knee.R_z,Hip.R_x,Hip.R_y,Hip.R_z,Hip.L_x,Hip.L_y,Hip.L_z,Knee.L_x,Knee.L_y,Knee.L_z,Ankle.L_x,Ankle.L_y,Ankle.L_z,Wrist.R_x,Wrist.R_y,Wrist.R_z,Elbow.R_x,Elbow.R_y,Elbow.R_z,Shoulder.R_x,Shoulder.R_y,Shoulder.R_z,Shoulder.L_x,Shoulder.L_y,Shoulder.L_z,Elbow.L_x,Elbow.L_y,Elbow.L_z,Wrist.L_x,Wrist.L_y,Wrist.L_z,Neck_x,Neck_y,Neck_z,Head_x,Head_y,Head_z,Nose_x,Nose_y,Nose_z,Eye.L_x,Eye.L_y,Eye.L_z,Eye.R_x,Eye.R_y,Eye.R_z,Ear.L_x,Ear.L_y,Ear.L_z,Ear.R_x,Ear.R_y,Ear.R_z,hip.Center_x,hip.Center_y,hip.Center_z
0,-0.10014159,-0.48393708,-0.2387554,-0.20206144,-0.07794145,-0.16457492,0.0051058717,0.28530136,-0.14071777,0.012482115,0.25846386,0.10327692,-0.2431197,-0.05388382,0.08714216,-0.3202758,-0.4736212,0.027066812,-0.19592345,0.3040386,-0.41205963,-0.058167055,0.5064554,-0.3329941,-0.11993503,0.68625057,-0.14280741,-0.22250612,0.66610825,0.12000942,-0.45593548,0.53754485,0.16070816,-0.6913854,0.46842593,0.07222987,-0.19233222,0.7164881,-0.00557172,-0.32184067,0.88346815,-0.0009900732,-0.3726491,0.74267656,0.043864876,-0.35361993,0.7977482,0.06229728,-0.3755444,0.78638124,0.00032294914,-0.25828436,0.83548546,0.06446423,-0.3040542,0.8110263,-0.077595964,0.008793992921710014,0.2718825936317444,-0.01872042566537857
