frame,Ankle.R_x,Ankle.R_y,Ankle.R_z,Knee.R_x,Knee.R_y,Knee.R_z,Hip.R_x,Hip.R_y,Hip.R_z,Hip.L_x,Hip.L_y,Hip.L_z,Knee.L_x,Knee.L_y,Knee.L_z,Ankle.L_x,Ankle.L_y,Ankle.L_z,Wrist.R_x,Wrist.R_y,Wrist.R_z,Elbow.R_x,Elbow.R_y,Elbow.R_z,Shoulder.R_x,Shoulder.R_y,Shoulder.R_z,Shoulder.L_x,Shoulder.L_y,Shoulder.L_z,Elbow.L_x,Elbow.L_y,Elbow.L_z,Wrist.L_x,Wrist.L_y,Wrist.L_z,Neck_x,Neck_y,Neck_z,Head_x,Head_y,Head_z,Nose_x,Nose_y,Nose_z,Eye.L_x,Eye.L_y,Eye.L_z,Eye.R_x,Eye.R_y,Eye.R_z,Ear.L_x,Ear.L_y,Ear.L_z,Ear.R_x,Ear.R_y,Ear.R_z,hip.Center_x,hip.Center_y,hip.Center_z
0,-0.26475415,-0.46726596,-0.21778609,-0.24398015,-0.07684344,-0.038127527,-0.053947825,0.2760636,-0.13175644,0.056827806,0.26965284,0.09047302,-0.041079815,-0.14192173,0.14035715,0.16193205,-0.46581745,-0.061524045,-0.28440675,0.31958064,-0.41693822,-0.12910143,0.51334953,-0.34142214,-0.14682741,0.6920544,-0.13611168,-0.19053395,0.6793843,0.14703079,-0.39570016,0.5189629,0.22330469,-0.6366843,0.42807534,0.17962961,-0.19009557,0.7298056,0.012739318,-0.33270252,0.89144635,0.046319924,-0.37026966,0.74173784,0.055675976,-0.35830572,0.7926697,0.08670676,-0.37591955,0.7935337,0.022825211,-0.26644063,0.8365988,0.103273936,-0.30420035,0.8397503,-0.040647276,0.0014399904757738113,0.272858202457428,-0.020641710609197617
