frame,Ankle.R_x,Ankle.R_y,Ankle.R_z,Knee.R_x,Knee.R_y,Knee.R_z,Hip.R_x,Hip.R_y,Hip.R_z,Hip.L_x,Hip.L_y,Hip.L_z,Knee.L_x,Knee.L_y,Knee.L_z,Ankle.L_x,Ankle.L_y,Ankle.L_z,Wrist.R_x,Wrist.R_y,Wrist.R_z,Elbow.R_x,Elbow.R_y,Elbow.R_z,Shoulder.R_x,Shoulder.R_y,Shoulder.R_z,Shoulder.L_x,Shoulder.L_y,Shoulder.L_z,Elbow.L_x,Elbow.L_y,Elbow.L_z,Wrist.L_x,Wrist.L_y,Wrist.L_z,Neck_x,Neck_y,Neck_z,Head_x,Head_y,Head_z,Nose_x,Nose_y,Nose_z,Eye.L_x,Eye.L_y,Eye.L_z,Eye.R_x,Eye.R_y,Eye.R_z,Ear.L_x,Ear.L_y,Ear.L_z,Ear.R_x,Ear.R_y,Ear.R_z,hip.Center_x,hip.Center_y,hip.Center_z
0,-0.252573,-0.48892328,-0.09910454,-0.2653931,-0.06540764,0.0033670757,-0.04691396,0.26763934,-0.13941385,0.055424944,0.26634514,0.09117707,-0.109734364,-0.12701723,0.16914093,0.16408521,-0.41997105,-0.006691056,-0.25029016,0.32746962,-0.45684272,-0.10797593,0.52470124,-0.3572963,-0.13204235,0.68957764,-0.13782054,-0.18353656,0.6639129,0.14116946,-0.41435438,0.52691454,0.19439186,-0.6636207,0.4506303,0.14111929,-0.17570202,0.7196638,0.013009979,-0.29839918,0.8907354,0.046512835,-0.34505567,0.74865997,0.089570634,-0.32223505,0.80182755,0.10831309,-0.3540427,0.7948859,0.05032806,-0.22721669,0.83734864,0.09680603,-0.2945912,0.82305515,-0.03471843,0.004255492240190506,0.2669922411441803,-0.024118389934301376
