frame,Ankle.R_x,Ankle.R_y,Ankle.R_z,Knee.R_x,Knee.R_y,Knee.R_z,Hip.R_x,Hip.R_y,Hip.R_z,Hip.L_x,Hip.L_y,Hip.L_z,Knee.L_x,Knee.L_y,Knee.L_z,Ankle.L_x,Ankle.L_y,Ankle.L_z,Wrist.R_x,Wrist.R_y,Wrist.R_z,Elbow.R_x,Elbow.R_y,Elbow.R_z,Shoulder.R_x,Shoulder.R_y,Shoulder.R_z,Shoulder.L_x,Shoulder.L_y,Shoulder.L_z,Elbow.L_x,Elbow.L_y,Elbow.L_z,Wrist.L_x,Wrist.L_y,Wrist.L_z,Neck_x,Neck_y,Neck_z,Head_x,Head_y,Head_z,Nose_x,Nose_y,Nose_z,Eye.L_x,Eye.L_y,Eye.L_z,Eye.R_x,Eye.R_y,Eye.R_z,Ear.L_x,Ear.L_y,Ear.L_z,Ear.R_x,Ear.R_y,Ear.R_z,hip.Center_x,hip.Center_y,hip.Center_z
0,-0.15391615,-0.36014852,-0.25641763,-0.28953785,-0.025766108,-0.038793232,-0.038718473,0.28921685,-0.1355943,0.05317991,0.25923684,0.09411341,-0.13525228,-0.1120538,0.10935076,-0.12985833,-0.5078668,-0.06340102,-0.15736198,0.37303787,-0.45327252,-0.059280343,0.57420754,-0.32361692,-0.13996917,0.70431286,-0.0965596,-0.21504554,0.65809596,0.1796785,-0.4383937,0.51094615,0.22777838,-0.6751766,0.44098747,0.14085923,-0.20000656,0.7234795,0.05318812,-0.32748213,0.895135,0.09328093,-0.37109607,0.7501169,0.1300168,-0.34883028,0.8037201,0.15067434,-0.38144568,0.79852855,0.092680484,-0.25386724,0.8406884,0.14058006,-0.32374933,0.8318963,0.0076588616,0.007230717688798904,0.2742268443107605,-0.020740441977977753
