frame,Ankle.R_x,Ankle.R_y,Ankle.R_z,Knee.R_x,Knee.R_y,Knee.R_z,Hip.R_x,Hip.R_y,Hip.R_z,Hip.L_x,Hip.L_y,Hip.L_z,Knee.L_x,Knee.L_y,Knee.L_z,Ankle.L_x,Ankle.L_y,Ankle.L_z,Wrist.R_x,Wrist.R_y,Wrist.R_z,Elbow.R_x,Elbow.R_y,Elbow.R_z,Shoulder.R_x,Shoulder.R_y,Shoulder.R_z,Shoulder.L_x,Shoulder.L_y,Shoulder.L_z,Elbow.L_x,Elbow.L_y,Elbow.L_z,Wrist.L_x,Wrist.L_y,Wrist.L_z,Neck_x,Neck_y,Neck_z,Head_x,Head_y,Head_z,Nose_x,Nose_y,Nose_z,Eye.L_x,Eye.L_y,Eye.L_z,Eye.R_x,Eye.R_y,Eye.R_z,Ear.L_x,Ear.L_y,Ear.L_z,Ear.R_x,Ear.R_y,Ear.R_z,hip.Center_x,hip.Center_y,hip.Center_z
0,-0.051428027,-0.526221,-0.1210165,-0.11959414,-0.14333181,0.112774536,-0.13122039,0.28450617,-0.024705037,0.12001611,0.28990328,-0.033598326,0.1582434,-0.112989604,0.14400354,0.0961327,-0.48625275,-0.1120574,-0.39047733,0.31608585,0.15308529,-0.30965555,0.47933787,-0.04129462,-0.17322138,0.73140943,0.027147153,0.14099436,0.7430873,0.0022584032,0.25126806,0.5100508,-0.13151947,0.30716416,0.3770734,0.08589223,-0.012779822,0.8057567,0.049919594,-0.010186975,1.0262176,0.08842387,-0.037652124,0.93025017,0.21110082,0.0032687082,0.9708413,0.18253279,-0.06214586,0.9699033,0.16538483,0.068675354,0.9516562,0.100978486,-0.08180827,0.9507123,0.061752453,-0.005602136254310608,0.2872047424316406,-0.029151681810617447
