frame,Ankle.R_x,Ankle.R_y,Ankle.R_z,Knee.R_x,Knee.R_y,Knee.R_z,Hip.R_x,Hip.R_y,Hip.R_z,Hip.L_x,Hip.L_y,Hip.L_z,Knee.L_x,Knee.L_y,Knee.L_z,Ankle.L_x,Ankle.L_y,Ankle.L_z,Wrist.R_x,Wrist.R_y,Wrist.R_z,Elbow.R_x,Elbow.R_y,Elbow.R_z,Shoulder.R_x,Shoulder.R_y,Shoulder.R_z,Shoulder.L_x,Shoulder.L_y,Shoulder.L_z,Elbow.L_x,Elbow.L_y,Elbow.L_z,Wrist.L_x,Wrist.L_y,Wrist.L_z,Neck_x,Neck_y,Neck_z,Head_x,Head_y,Head_z,Nose_x,Nose_y,Nose_z,Eye.L_x,Eye.L_y,Eye.L_z,Eye.R_x,Eye.R_y,Eye.R_z,Ear.L_x,Ear.L_y,Ear.L_z,Ear.R_x,Ear.R_y,Ear.R_z,hip.Center_x,hip.Center_y,hip.Center_z
0,-0.060954586,-0.55898404,0.049662076,0.022968719,-0.14030066,0.07394622,-0.011299059,0.27563706,0.10367639,0.008815399,0.30321172,-0.13489553,0.04437332,-0.10829918,-0.18229786,-0.026871705,-0.52272886,-0.28268304,0.64429766,0.5739033,0.107638806,0.39686957,0.5632,0.19424008,0.16733296,0.707079,0.18814665,0.11789048,0.7543988,-0.094975755,0.23170178,0.54667133,-0.22423252,0.45722994,0.5553885,-0.11229011,0.15212956,0.78727454,0.058871686,0.2529445,0.98686635,0.08537865,0.33115563,0.85375607,0.059332177,0.31147954,0.9089,0.035393648,0.3121867,0.89764404,0.1015246,0.21500666,0.9346358,-0.00084233657,0.21733272,0.9104714,0.15089385,-0.0012418297119438648,0.2894243896007538,-0.01560956984758377
