frame,Ankle.R_x,Ankle.R_y,Ankle.R_z,Knee.R_x,Knee.R_y,Knee.R_z,Hip.R_x,Hip.R_y,Hip.R_z,Hip.L_x,Hip.L_y,Hip.L_z,Knee.L_x,Knee.L_y,Knee.L_z,Ankle.L_x,Ankle.L_y,Ankle.L_z,Wrist.R_x,Wrist.R_y,Wrist.R_z,Elbow.R_x,Elbow.R_y,Elbow.R_z,Shoulder.R_x,Shoulder.R_y,Shoulder.R_z,Shoulder.L_x,Shoulder.L_y,Shoulder.L_z,Elbow.L_x,Elbow.L_y,Elbow.L_z,Wrist.L_x,Wrist.L_y,Wrist.L_z,Neck_x,Neck_y,Neck_z,Head_x,Head_y,Head_z,Nose_x,Nose_y,Nose_z,Eye.L_x,Eye.L_y,Eye.L_z,Eye.R_x,Eye.R_y,Eye.R_z,Ear.L_x,Ear.L_y,Ear.L_z,Ear.R_x,Ear.R_y,Ear.R_z,hip.Center_x,hip.Center_y,hip.Center_z
0,-0.025457283,-0.5424433,0.053337183,0.09868616,-0.12852225,0.09808496,-0.030023254,0.27470332,0.102464,0.015078512,0.29531568,-0.13895527,0.16574714,-0.09887169,-0.12617213,0.015356844,-0.49162638,-0.25315452,0.63984776,0.5021956,0.10024368,0.390931,0.48917088,0.18671614,0.18663126,0.6712229,0.18616697,0.1573666,0.7269065,-0.09864567,0.25115305,0.5161659,-0.24684781,0.49181116,0.51046413,-0.16350386,0.18780722,0.753184,0.05746265,0.30427808,0.93981487,0.09063919,0.3724825,0.8019588,0.06620626,0.3585566,0.85819054,0.042101726,0.35549027,0.846546,0.10805854,0.26665458,0.89177567,0.002820653,0.2605366,0.86595476,0.15399504,-0.007472371216863394,0.285009503364563,-0.0182456336915493
