frame,Ankle.R_x,Ankle.R_y,Ankle.R_z,Knee.R_x,Knee.R_y,Knee.R_z,Hip.R_x,Hip.R_y,Hip.R_z,Hip.L_x,Hip.L_y,Hip.L_z,Knee.L_x,Knee.L_y,Knee.L_z,Ankle.L_x,Ankle.L_y,Ankle.L_z,Wrist.R_x,Wrist.R_y,Wrist.R_z,Elbow.R_x,Elbow.R_y,Elbow.R_z,Shoulder.R_x,Shoulder.R_y,Shoulder.R_z,Shoulder.L_x,Shoulder.L_y,Shoulder.L_z,Elbow.L_x,Elbow.L_y,Elbow.L_z,Wrist.L_x,Wrist.L_y,Wrist.L_z,Neck_x,Neck_y,Neck_z,Head_x,Head_y,Head_z,Nose_x,Nose_y,Nose_z,Eye.L_x,Eye.L_y,Eye.L_z,Eye.R_x,Eye.R_y,Eye.R_z,Ear.L_x,Ear.L_y,Ear.L_z,Ear.R_x,Ear.R_y,Ear.R_z,hip.Center_x,hip.Center_y,hip.Center_z
0,-0.34862432,-0.4900502,-0.013009534,-0.07142843,-0.1546852,0.057713218,-0.02029271,0.27880973,0.10366526,0.025199182,0.293046,-0.13460074,0.038873725,-0.13387221,-0.1758057,-0.2814533,-0.40975472,-0.3046687,0.50767446,1.0358155,0.21065246,0.35855043,0.82288057,0.25388017,0.11432941,0.77140343,0.15499644,0.13810155,0.74917316,-0.124614105,0.36336997,0.61705166,-0.18646829,0.5043417,0.7886511,-0.059755176,0.12955609,0.80437684,0.02080416,0.23659374,0.9968941,0.054610487,0.31174162,0.86037415,0.040544577,0.29671088,0.9157313,0.013130408,0.28989616,0.9064103,0.07932727,0.20602226,0.94444394,-0.03344109,0.18941729,0.9227856,0.11750459,0.002453235909342766,0.2859278619289398,-0.015467740595340729
