frame,Ankle.R_x,Ankle.R_y,Ankle.R_z,Knee.R_x,Knee.R_y,Knee.R_z,Hip.R_x,Hip.R_y,Hip.R_z,Hip.L_x,Hip.L_y,Hip.L_z,Knee.L_x,Knee.L_y,Knee.L_z,Ankle.L_x,Ankle.L_y,Ankle.L_z,Wrist.R_x,Wrist.R_y,Wrist.R_z,Elbow.R_x,Elbow.R_y,Elbow.R_z,Shoulder.R_x,Shoulder.R_y,Shoulder.R_z,Shoulder.L_x,Shoulder.L_y,Shoulder.L_z,Elbow.L_x,Elbow.L_y,Elbow.L_z,Wrist.L_x,Wrist.L_y,Wrist.L_z,Neck_x,Neck_y,Neck_z,Head_x,Head_y,Head_z,Nose_x,Nose_y,Nose_z,Eye.L_x,Eye.L_y,Eye.L_z,Eye.R_x,Eye.R_y,Eye.R_z,Ear.L_x,Ear.L_y,Ear.L_z,Ear.R_x,Ear.R_y,Ear.R_z,hip.Center_x,hip.Center_y,hip.Center_z
0,0.09840609,-0.45542318,-0.326563,-0.09643993,-0.12031482,-0.12777379,-0.035864394,0.31227532,-0.1345248,0.025052728,0.28855127,0.10250385,-0.07342772,-0.12798339,0.047029708,0.118889384,-0.49796042,-0.08031933,0.008902209,0.2878204,-0.29926926,0.026332425,0.54742956,-0.25906342,-0.09983781,0.768968,-0.1436832,-0.06497675,0.7730504,0.15917853,0.10497641,0.5563359,0.2051982,0.074757166,0.299787,0.20338456,-0.13334838,0.83174413,0.0192274,-0.23044464,1.040852,0.049897924,-0.30770358,0.9105061,0.1009156,-0.27049494,0.9614345,0.11604344,-0.30430466,0.95880663,0.057274424,-0.16636465,0.97332275,0.104136296,-0.24121635,0.9678955,-0.03235476,-0.005405833013355732,0.3004133105278015,-0.016010478138923645
