frame,Ankle.R_x,Ankle.R_y,Ankle.R_z,Knee.R_x,Knee.R_y,Knee.R_z,Hip.R_x,Hip.R_y,Hip.R_z,Hip.L_x,Hip.L_y,Hip.L_z,Knee.L_x,Knee.L_y,Knee.L_z,Ankle.L_x,Ankle.L_y,Ankle.L_z,Wrist.R_x,Wrist.R_y,Wrist.R_z,Elbow.R_x,Elbow.R_y,Elbow.R_z,Shoulder.R_x,Shoulder.R_y,Shoulder.R_z,Shoulder.L_x,Shoulder.L_y,Shoulder.L_z,Elbow.L_x,Elbow.L_y,Elbow.L_z,Wrist.L_x,Wrist.L_y,Wrist.L_z,Neck_x,Neck_y,Neck_z,Head_x,Head_y,Head_z,Nose_x,Nose_y,Nose_z,Eye.L_x,Eye.L_y,Eye.L_z,Eye.R_x,Eye.R_y,Eye.R_z,Ear.L_x,Ear.L_y,Ear.L_z,Ear.R_x,Ear.R_y,Ear.R_z,hip.Center_x,hip.Center_y,hip.Center_z
0,0.0759517,-0.43952256,0.0053734626,0.2413361,-0.0498105,0.092364796,-0.04098349,0.27404264,0.10567795,0.0027829907,0.30318204,-0.14478147,0.28538978,-0.008710267,-0.105454005,0.12141727,-0.3962326,-0.22047849,0.46651903,0.2683025,0.10634913,0.26236174,0.4185079,0.19848081,0.14651228,0.6700032,0.192664,0.17976841,0.7139507,-0.1038993,0.2896197,0.47385135,-0.19170558,0.4822436,0.3397087,-0.068790846,0.17817666,0.7556516,0.056191668,0.2838117,0.9536898,0.09155813,0.35804346,0.8162112,0.09213341,0.34694454,0.86954606,0.060290307,0.3330487,0.8635564,0.12614098,0.261898,0.89715374,0.0021529123,0.23079517,0.88306224,0.15398481,-0.0191002506762743,0.28861233592033386,-0.01955176144838333
