frame,Ankle.R_x,Ankle.R_y,Ankle.R_z,Knee.R_x,Knee.R_y,Knee.R_z,Hip.R_x,Hip.R_y,Hip.R_z,Hip.L_x,Hip.L_y,Hip.L_z,Knee.L_x,Knee.L_y,Knee.L_z,Ankle.L_x,Ankle.L_y,Ankle.L_z,Wrist.R_x,Wrist.R_y,Wrist.R_z,Elbow.R_x,Elbow.R_y,Elbow.R_z,Shoulder.R_x,Shoulder.R_y,Shoulder.R_z,Shoulder.L_x,Shoulder.L_y,Shoulder.L_z,Elbow.L_x,Elbow.L_y,Elbow.L_z,Wrist.L_x,Wrist.L_y,Wrist.L_z,Neck_x,Neck_y,Neck_z,Head_x,Head_y,Head_z,Nose_x,Nose_y,Nose_z,Eye.L_x,Eye.L_y,Eye.L_z,Eye.R_x,Eye.R_y,Eye.R_z,Ear.L_x,Ear.L_y,Ear.L_z,Ear.R_x,Ear.R_y,Ear.R_z,hip.Center_x,hip.Center_y,hip.Center_z
0,-0.07157405,-0.49628,-0.28961408,-0.18231845,-0.10458568,-0.13546519,-0.033722773,0.29475754,-0.13652927,0.03348305,0.26502913,0.10027389,-0.13253124,-0.122885585,0.07776421,-0.06804328,-0.5449035,-0.02320492,-0.23528242,0.37860805,-0.28731993,-0.033732157,0.535792,-0.29564625,-0.10315126,0.7352952,-0.11594622,-0.102528855,0.6963752,0.18436353,-0.214444,0.4504658,0.2461124,-0.46943521,0.43381727,0.21487199,-0.13127157,0.77010363,0.045697242,-0.27060834,0.9433195,0.08831867,-0.2966158,0.79462653,0.13368924,-0.2793982,0.85160327,0.15119937,-0.31310564,0.84074426,0.09431072,-0.18849353,0.8985853,0.13526885,-0.26223516,0.8763154,0.0045392066,-0.00011986121535301208,0.27989333868026733,-0.0181276872754097
