frame,Ankle.R_x,Ankle.R_y,Ankle.R_z,Knee.R_x,Knee.R_y,Knee.R_z,Hip.R_x,Hip.R_y,Hip.R_z,Hip.L_x,Hip.L_y,Hip.L_z,Knee.L_x,Knee.L_y,Knee.L_z,Ankle.L_x,Ankle.L_y,Ankle.L_z,Wrist.R_x,Wrist.R_y,Wrist.R_z,Elbow.R_x,Elbow.R_y,Elbow.R_z,Shoulder.R_x,Shoulder.R_y,Shoulder.R_z,Shoulder.L_x,Shoulder.L_y,Shoulder.L_z,Elbow.L_x,Elbow.L_y,Elbow.L_z,Wrist.L_x,Wrist.L_y,Wrist.L_z,Neck_x,Neck_y,Neck_z,Head_x,Head_y,Head_z,Nose_x,Nose_y,Nose_z,Eye.L_x,Eye.L_y,Eye.L_z,Eye.R_x,Eye.R_y,Eye.R_z,Ear.L_x,Ear.L_y,Ear.L_z,Ear.R_x,Ear.R_y,Ear.R_z,hip.Center_x,hip.Center_y,hip.Center_z
0,-0.07787682,-0.5838748,-0.34950078,-0.09273107,-0.21543786,-0.024956677,-0.13373391,0.25548407,-0.017788043,0.12634358,0.2577387,-0.02000738,0.116298996,-0.20794739,0.021017274,0.122680284,-0.5938279,-0.287867,-0.26277983,0.14477807,0.08329964,-0.24798077,0.40297332,-0.033858858,-0.16048971,0.68520653,0.011819689,0.1467345,0.6889422,0.0038779005,0.22383395,0.4081543,-0.06447041,0.24360119,0.1499988,0.04281076,-0.0051116804,0.75937086,0.03548179,-0.01325923,0.9764735,0.071996994,-0.016032888,0.8773982,0.1936176,0.01785233,0.92112875,0.1614924,-0.04918893,0.91725695,0.15519953,0.06670135,0.90720713,0.07135718,-0.08182306,0.899642,0.056923606,-0.003695167601108551,0.2566114068031311,-0.018897712230682373
