frame,Ankle.R_x,Ankle.R_y,Ankle.R_z,Knee.R_x,Knee.R_y,Knee.R_z,Hip.R_x,Hip.R_y,Hip.R_z,Hip.L_x,Hip.L_y,Hip.L_z,Knee.L_x,Knee.L_y,Knee.L_z,Ankle.L_x,Ankle.L_y,Ankle.L_z,Wrist.R_x,Wrist.R_y,Wrist.R_z,Elbow.R_x,Elbow.R_y,Elbow.R_z,Shoulder.R_x,Shoulder.R_y,Shoulder.R_z,Shoulder.L_x,Shoulder.L_y,Shoulder.L_z,Elbow.L_x,Elbow.L_y,Elbow.L_z,Wrist.L_x,Wrist.L_y,Wrist.L_z,Neck_x,Neck_y,Neck_z,Head_x,Head_y,Head_z,Nose_x,Nose_y,Nose_z,Eye.L_x,Eye.L_y,Eye.L_z,Eye.R_x,Eye.R_y,Eye.R_z,Ear.L_x,Ear.L_y,Ear.L_z,Ear.R_x,Ear.R_y,Ear.R_z,hip.Center_x,hip.Center_y,hip.Center_z
0,-0.090083726,-0.6090473,-0.33070877,-0.08877924,-0.21427006,-0.03215332,-0.13367736,0.25769106,-0.017803105,0.12688962,0.2555815,-0.02038824,0.10123468,-0.21132074,0.02996918,0.10053296,-0.60158426,-0.2770025,-0.2579179,0.13368389,0.040458716,-0.23580809,0.40201738,-0.05583217,-0.15654421,0.6867478,-0.0066349003,0.1523946,0.6887118,-0.0021566823,0.22402483,0.40248096,-0.057849094,0.2347649,0.1320776,0.025053872,-0.0010340866,0.7608181,0.022854658,-0.0100105675,0.9778533,0.06140361,-0.012903205,0.8773316,0.18201342,0.021113478,0.92132723,0.15014394,-0.046011113,0.9176119,0.14385855,0.06999762,0.908444,0.05978373,-0.07878536,0.901001,0.045189474,-0.0033938735723495483,0.25663626194000244,-0.01909567229449749
