frame,Ankle.R_x,Ankle.R_y,Ankle.R_z,Knee.R_x,Knee.R_y,Knee.R_z,Hip.R_x,Hip.R_y,Hip.R_z,Hip.L_x,Hip.L_y,Hip.L_z,Knee.L_x,Knee.L_y,Knee.L_z,Ankle.L_x,Ankle.L_y,Ankle.L_z,Wrist.R_x,Wrist.R_y,Wrist.R_z,Elbow.R_x,Elbow.R_y,Elbow.R_z,Shoulder.R_x,Shoulder.R_y,Shoulder.R_z,Shoulder.L_x,Shoulder.L_y,Shoulder.L_z,Elbow.L_x,Elbow.L_y,Elbow.L_z,Wrist.L_x,Wrist.L_y,Wrist.L_z,Neck_x,Neck_y,Neck_z,Head_x,Head_y,Head_z,Nose_x,Nose_y,Nose_z,Eye.L_x,Eye.L_y,Eye.L_z,Eye.R_x,Eye.R_y,Eye.R_z,Ear.L_x,Ear.L_y,Ear.L_z,Ear.R_x,Ear.R_y,Ear.R_z,hip.Center_x,hip.Center_y,hip.Center_z
0,-0.06737664,-0.5900643,-0.14329317,-0.11441568,-0.17801589,0.08979153,-0.13315003,0.26868325,-0.024328027,0.1239292,0.27249807,-0.030542517,0.1431272,-0.15524665,0.12565547,0.11435774,-0.5604845,-0.12840743,-0.3499463,0.22056793,0.11387141,-0.28434795,0.44082057,-0.040403176,-0.1651116,0.7050935,0.023327928,0.14510633,0.7106856,0.009062428,0.24607185,0.45211595,-0.0919842,0.3083938,0.22751956,0.04998672,-0.007528334,0.7764119,0.049082726,-0.007581312,0.9935398,0.091163516,-0.03282778,0.8933918,0.2094539,0.0073074875,0.9353688,0.18303418,-0.058169346,0.93464315,0.16656895,0.07027048,0.92021555,0.100601315,-0.07769422,0.9195342,0.063840955,-0.004610411822795868,0.2705906629562378,-0.027435272932052612
