frame,Ankle.R_x,Ankle.R_y,Ankle.R_z,Knee.R_x,Knee.R_y,Knee.R_z,Hip.R_x,Hip.R_y,Hip.R_z,Hip.L_x,Hip.L_y,Hip.L_z,Knee.L_x,Knee.L_y,Knee.L_z,Ankle.L_x,Ankle.L_y,Ankle.L_z,Wrist.R_x,Wrist.R_y,Wrist.R_z,Elbow.R_x,Elbow.R_y,Elbow.R_z,Shoulder.R_x,Shoulder.R_y,Shoulder.R_z,Shoulder.L_x,Shoulder.L_y,Shoulder.L_z,Elbow.L_x,Elbow.L_y,Elbow.L_z,Wrist.L_x,Wrist.L_y,Wrist.L_z,Neck_x,Neck_y,Neck_z,Head_x,Head_y,Head_z,Nose_x,Nose_y,Nose_z,Eye.L_x,Eye.L_y,Eye.L_z,Eye.R_x,Eye.R_y,Eye.R_z,Ear.L_x,Ear.L_y,Ear.L_z,Ear.R_x,Ear.R_y,Ear.R_z,hip.Center_x,hip.Center_y,hip.Center_z
0,0.08599633,-0.4913684,-0.08814129,0.2327949,-0.084766254,0.0438891,-0.03555899,0.26738158,0.10904038,0.00057603273,0.3095085,-0.1451017,0.29413217,-0.008391162,-0.14062408,0.11854975,-0.4040387,-0.27729952,0.05516147,0.12883386,0.2587191,0.012563568,0.40009302,0.26648822,0.107121006,0.6723641,0.20869409,0.13906059,0.72103965,-0.10722014,0.095851064,0.47740194,-0.26404396,0.24914874,0.25647253,-0.29548517,0.16236693,0.76270497,0.06290467,0.26688403,0.9643296,0.10733983,0.34932053,0.8302944,0.09817589,0.33471996,0.8856053,0.06982352,0.32218835,0.87468326,0.1357473,0.24768585,0.9117311,0.014543442,0.21943304,0.8862947,0.1655311,-0.017491478472948074,0.28844505548477173,-0.01803065836429596
