frame,Ankle.R_x,Ankle.R_y,Ankle.R_z,Knee.R_x,Knee.R_y,Knee.R_z,Hip.R_x,Hip.R_y,Hip.R_z,Hip.L_x,Hip.L_y,Hip.L_z,Knee.L_x,Knee.L_y,Knee.L_z,Ankle.L_x,Ankle.L_y,Ankle.L_z,Wrist.R_x,Wrist.R_y,Wrist.R_z,Elbow.R_x,Elbow.R_y,Elbow.R_z,Shoulder.R_x,Shoulder.R_y,Shoulder.R_z,Shoulder.L_x,Shoulder.L_y,Shoulder.L_z,Elbow.L_x,Elbow.L_y,Elbow.L_z,Wrist.L_x,Wrist.L_y,Wrist.L_z,Neck_x,Neck_y,Neck_z,Head_x,Head_y,Head_z,Nose_x,Nose_y,Nose_z,Eye.L_x,Eye.L_y,Eye.L_z,Eye.R_x,Eye.R_y,Eye.R_z,Ear.L_x,Ear.L_y,Ear.L_z,Ear.R_x,Ear.R_y,Ear.R_z,hip.Center_x,hip.Center_y,hip.Center_z
0,-0.0859674,-0.59922373,-0.27420658,-0.11159763,-0.20874843,0.01746725,-0.13387656,0.25762224,-0.024967602,0.12608805,0.2594001,-0.017761666,0.12536395,-0.2002519,0.04615674,0.14401384,-0.59661037,-0.24508618,-0.29760408,0.15120377,0.09517379,-0.26170266,0.40464476,-0.024983859,-0.1620557,0.67968047,0.038010955,0.1457763,0.6848122,0.04169616,0.24374273,0.41444078,-0.04099117,0.2819778,0.15730031,0.06036775,-0.007837997,0.75146294,0.07229073,-0.016868636,0.9656702,0.12538482,-0.030005384,0.85724163,0.23738836,0.006509115,0.9028188,0.21205577,-0.05975398,0.9002546,0.19996636,0.062742114,0.8959644,0.12527086,-0.08446344,0.8913482,0.09846727,-0.0038942545652389526,0.25851118564605713,-0.02136463299393654
