frame,Ankle.R_x,Ankle.R_y,Ankle.R_z,Knee.R_x,Knee.R_y,Knee.R_z,Hip.R_x,Hip.R_y,Hip.R_z,Hip.L_x,Hip.L_y,Hip.L_z,Knee.L_x,Knee.L_y,Knee.L_z,Ankle.L_x,Ankle.L_y,Ankle.L_z,Wrist.R_x,Wrist.R_y,Wrist.R_z,Elbow.R_x,Elbow.R_y,Elbow.R_z,Shoulder.R_x,Shoulder.R_y,Shoulder.R_z,Shoulder.L_x,Shoulder.L_y,Shoulder.L_z,Elbow.L_x,Elbow.L_y,Elbow.L_z,Wrist.L_x,Wrist.L_y,Wrist.L_z,Neck_x,Neck_y,Neck_z,Head_x,Head_y,Head_z,Nose_x,Nose_y,Nose_z,Eye.L_x,Eye.L_y,Eye.L_z,Eye.R_x,Eye.R_y,Eye.R_z,Ear.L_x,Ear.L_y,Ear.L_z,Ear.R_x,Ear.R_y,Ear.R_z,hip.Center_x,hip.Center_y,hip.Center_z
0,-0.12226995,-0.4511699,-0.051997017,0.1079946,-0.1092578,0.059204742,-0.043587103,0.29267716,0.104375616,0.023647608,0.31295225,-0.13791612,0.18058167,-0.07294596,-0.1069741,-0.036937065,-0.41793627,-0.24702159,0.33287308,0.24199104,0.08957894,0.19281219,0.39634156,0.24989276,0.19999011,0.6748163,0.20720616,0.24171342,0.7059987,-0.10693285,0.20130481,0.46536106,-0.25521177,0.30087298,0.25345293,-0.14554597,0.25196996,0.75768024,0.0617418,0.3096156,0.9730183,0.09129931,0.42378414,0.8657813,0.11726503,0.4011996,0.9119965,0.078278296,0.37908018,0.90491205,0.14227131,0.32268262,0.90628123,0.0041121487,0.271733,0.8911865,0.15300152,-0.009969747625291348,0.3028147220611572,-0.016770251095294952
