frame,Ankle.R_x,Ankle.R_y,Ankle.R_z,Knee.R_x,Knee.R_y,Knee.R_z,Hip.R_x,Hip.R_y,Hip.R_z,Hip.L_x,Hip.L_y,Hip.L_z,Knee.L_x,Knee.L_y,Knee.L_z,Ankle.L_x,Ankle.L_y,Ankle.L_z,Wrist.R_x,Wrist.R_y,Wrist.R_z,Elbow.R_x,Elbow.R_y,Elbow.R_z,Shoulder.R_x,Shoulder.R_y,Shoulder.R_z,Shoulder.L_x,Shoulder.L_y,Shoulder.L_z,Elbow.L_x,Elbow.L_y,Elbow.L_z,Wrist.L_x,Wrist.L_y,Wrist.L_z,Neck_x,Neck_y,Neck_z,Head_x,Head_y,Head_z,Nose_x,Nose_y,Nose_z,Eye.L_x,Eye.L_y,Eye.L_z,Eye.R_x,Eye.R_y,Eye.R_z,Ear.L_x,Ear.L_y,Ear.L_z,Ear.R_x,Ear.R_y,Ear.R_z,hip.Center_x,hip.Center_y,hip.Center_z
0,0.109358005,-0.5047839,-0.2836951,-0.057145104,-0.12894967,-0.1328368,-0.046716645,0.30678165,-0.13035752,0.03035523,0.2848554,0.099556655,-0.016095247,-0.14045931,0.04168046,0.12774275,-0.53381383,-0.08574656,0.026230281,0.28141895,-0.32332665,0.026599789,0.5396918,-0.2687521,-0.07894085,0.76673627,-0.14476615,-0.02150417,0.7762871,0.14973438,0.14676914,0.557568,0.19151995,0.16742788,0.29876724,0.19208771,-0.09747321,0.8328331,0.0155769875,-0.1965026,1.0397885,0.04987375,-0.27423525,0.9067172,0.08991437,-0.23978207,0.9575703,0.10982187,-0.26859003,0.95643806,0.048683666,-0.13540746,0.97201014,0.10657183,-0.19890529,0.97027457,-0.03379205,-0.008180707693099976,0.2958185076713562,-0.015400432050228119
