frame,Ankle.R_x,Ankle.R_y,Ankle.R_z,Knee.R_x,Knee.R_y,Knee.R_z,Hip.R_x,Hip.R_y,Hip.R_z,Hip.L_x,Hip.L_y,Hip.L_z,Knee.L_x,Knee.L_y,Knee.L_z,Ankle.L_x,Ankle.L_y,Ankle.L_z,Wrist.R_x,Wrist.R_y,Wrist.R_z,Elbow.R_x,Elbow.R_y,Elbow.R_z,Shoulder.R_x,Shoulder.R_y,Shoulder.R_z,Shoulder.L_x,Shoulder.L_y,Shoulder.L_z,Elbow.L_x,Elbow.L_y,Elbow.L_z,Wrist.L_x,Wrist.L_y,Wrist.L_z,Neck_x,Neck_y,Neck_z,Head_x,Head_y,Head_z,Nose_x,Nose_y,Nose_z,Eye.L_x,Eye.L_y,Eye.L_z,Eye.R_x,Eye.R_y,Eye.R_z,Ear.L_x,Ear.L_y,Ear.L_z,Ear.R_x,Ear.R_y,Ear.R_z,hip.Center_x,hip.Center_y,hip.Center_z
0,-0.11650342,-0.47616884,-0.056389816,0.103510156,-0.12039328,0.0833467,-0.06612714,0.2839526,0.09455469,0.04824186,0.30046737,-0.1348292,0.19462991,-0.092835546,-0.05086755,-0.051000666,-0.40136522,-0.24466506,-0.16103987,0.21313317,0.12656172,-0.053836428,0.44283438,0.21440405,0.15711062,0.63047564,0.24729201,0.27889693,0.6657572,-0.04291597,0.118517324,0.4975841,-0.20626692,0.016888645,0.2523327,-0.22535017,0.27427834,0.6979432,0.12726258,0.37192434,0.88755816,0.18058981,0.4625778,0.7587011,0.19448718,0.4496175,0.8113601,0.16006345,0.42770794,0.80364704,0.22412372,0.37140292,0.8273717,0.090767406,0.32128018,0.80981135,0.23668562,-0.008942637592554092,0.2922099828720093,-0.020137250423431396
