frame,Ankle.R_x,Ankle.R_y,Ankle.R_z,Knee.R_x,Knee.R_y,Knee.R_z,Hip.R_x,Hip.R_y,Hip.R_z,Hip.L_x,Hip.L_y,Hip.L_z,Knee.L_x,Knee.L_y,Knee.L_z,Ankle.L_x,Ankle.L_y,Ankle.L_z,Wrist.R_x,Wrist.R_y,Wrist.R_z,Elbow.R_x,Elbow.R_y,Elbow.R_z,Shoulder.R_x,Shoulder.R_y,Shoulder.R_z,Shoulder.L_x,Shoulder.L_y,Shoulder.L_z,Elbow.L_x,Elbow.L_y,Elbow.L_z,Wrist.L_x,Wrist.L_y,Wrist.L_z,Neck_x,Neck_y,Neck_z,Head_x,Head_y,Head_z,Nose_x,Nose_y,Nose_z,Eye.L_x,Eye.L_y,Eye.L_z,Eye.R_x,Eye.R_y,Eye.R_z,Ear.L_x,Ear.L_y,Ear.L_z,Ear.R_x,Ear.R_y,Ear.R_z,hip.Center_x,hip.Center_y,hip.Center_z
0,-0.06301916,-0.5087092,0.07243998,0.056735504,-0.10135952,0.12627193,-0.072272986,0.30391002,0.08347845,0.056783974,0.29164782,-0.12378746,0.15235288,-0.10691706,-0.05944043,-0.0143057965,-0.48231924,-0.1940147,-0.37343758,0.5120127,0.17240809,-0.17625587,0.6788907,0.1854572,0.09067638,0.7569033,0.1615633,0.24415301,0.70959735,-0.09589365,0.121793285,0.5591712,-0.2928248,0.111834764,0.30551976,-0.29940364,0.2238787,0.76659805,0.05590082,0.3469798,0.9377852,0.103520714,0.41718325,0.7954543,0.11629498,0.4103468,0.8489765,0.08210012,0.39042687,0.84570205,0.14643706,0.33388865,0.8765261,0.016085204,0.28608444,0.8693701,0.16431323,-0.007744506001472473,0.2977789044380188,-0.020154505968093872
