frame,Ankle.R_x,Ankle.R_y,Ankle.R_z,Knee.R_x,Knee.R_y,Knee.R_z,Hip.R_x,Hip.R_y,Hip.R_z,Hip.L_x,Hip.L_y,Hip.L_z,Knee.L_x,Knee.L_y,Knee.L_z,Ankle.L_x,Ankle.L_y,Ankle.L_z,Wrist.R_x,Wrist.R_y,Wrist.R_z,Elbow.R_x,Elbow.R_y,Elbow.R_z,Shoulder.R_x,Shoulder.R_y,Shoulder.R_z,Shoulder.L_x,Shoulder.L_y,Shoulder.L_z,Elbow.L_x,Elbow.L_y,Elbow.L_z,Wrist.L_x,Wrist.L_y,Wrist.L_z,Neck_x,Neck_y,Neck_z,Head_x,Head_y,Head_z,Nose_x,Nose_y,Nose_z,Eye.L_x,Eye.L_y,Eye.L_z,Eye.R_x,Eye.R_y,Eye.R_z,Ear.L_x,Ear.L_y,Ear.L_z,Ear.R_x,Ear.R_y,Ear.R_z,hip.Center_x,hip.Center_y,hip.Center_z
0,-0.08282793,-0.49940306,0.07863662,0.086093895,-0.10139416,0.1433928,-0.07464827,0.29593366,0.083919466,0.056624256,0.28041688,-0.13213655,0.20315853,-0.09431892,-0.0077615394,-0.022060309,-0.4285183,-0.17742343,-0.3210191,0.41838768,0.17237501,-0.12873222,0.59509826,0.20707521,0.13933142,0.68354803,0.193645,0.29320434,0.64516866,-0.07331848,0.1663552,0.50403404,-0.28133076,0.10722845,0.2522115,-0.30595922,0.27339956,0.69832295,0.082621455,0.38418713,0.8724766,0.12153199,0.46785596,0.73831165,0.13362527,0.45494756,0.7894887,0.098336615,0.43934548,0.78640854,0.16414467,0.3724082,0.80771536,0.037588317,0.33512965,0.8008081,0.18748659,-0.009012006223201752,0.2881752848625183,-0.02410854399204254
