frame,Ankle.R_x,Ankle.R_y,Ankle.R_z,Knee.R_x,Knee.R_y,Knee.R_z,Hip.R_x,Hip.R_y,Hip.R_z,Hip.L_x,Hip.L_y,Hip.L_z,Knee.L_x,Knee.L_y,Knee.L_z,Ankle.L_x,Ankle.L_y,Ankle.L_z,Wrist.R_x,Wrist.R_y,Wrist.R_z,Elbow.R_x,Elbow.R_y,Elbow.R_z,Shoulder.R_x,Shoulder.R_y,Shoulder.R_z,Shoulder.L_x,Shoulder.L_y,Shoulder.L_z,Elbow.L_x,Elbow.L_y,Elbow.L_z,Wrist.L_x,Wrist.L_y,Wrist.L_z,Neck_x,Neck_y,Neck_z,Head_x,Head_y,Head_z,Nose_x,Nose_y,Nose_z,Eye.L_x,Eye.L_y,Eye.L_z,Eye.R_x,Eye.R_y,Eye.R_z,Ear.L_x,Ear.L_y,Ear.L_z,Ear.R_x,Ear.R_y,Ear.R_z,hip.Center_x,hip.Center_y,hip.Center_z
0,-0.09073668,-0.48626873,-0.28978172,-0.11157771,-0.19998696,0.09636238,-0.13421151,0.26170272,-0.026065774,0.12904853,0.25616956,-0.025590023,0.09509102,-0.19179153,0.124464795,0.07428011,-0.48523253,-0.26219162,-0.2935321,0.133211,0.054451376,-0.2447196,0.40042585,-0.030440018,-0.15194866,0.68241775,0.013862619,0.15908489,0.68217444,0.012583807,0.22956404,0.39879242,-0.054151054,0.24843898,0.12992197,0.026770715,0.005284816,0.7569908,0.04005699,-0.0009667408,0.9769131,0.065745816,-0.014285259,0.88486487,0.19140458,0.022741498,0.92635894,0.1596042,-0.043824412,0.92326534,0.14874089,0.077515,0.9065527,0.07412078,-0.06998262,0.9004866,0.049680185,-0.002581492066383362,0.2589361369609833,-0.02582789957523346
