frame,Ankle.R_x,Ankle.R_y,Ankle.R_z,Knee.R_x,Knee.R_y,Knee.R_z,Hip.R_x,Hip.R_y,Hip.R_z,Hip.L_x,Hip.L_y,Hip.L_z,Knee.L_x,Knee.L_y,Knee.L_z,Ankle.L_x,Ankle.L_y,Ankle.L_z,Wrist.R_x,Wrist.R_y,Wrist.R_z,Elbow.R_x,Elbow.R_y,Elbow.R_z,Shoulder.R_x,Shoulder.R_y,Shoulder.R_z,Shoulder.L_x,Shoulder.L_y,Shoulder.L_z,Elbow.L_x,Elbow.L_y,Elbow.L_z,Wrist.L_x,Wrist.L_y,Wrist.L_z,Neck_x,Neck_y,Neck_z,Head_x,Head_y,Head_z,Nose_x,Nose_y,Nose_z,Eye.L_x,Eye.L_y,Eye.L_z,Eye.R_x,Eye.R_y,Eye.R_z,Ear.L_x,Ear.L_y,Ear.L_z,Ear.R_x,Ear.R_y,Ear.R_z,hip.Center_x,hip.Center_y,hip.Center_z
0,-0.031054083,-0.5626268,0.07737225,0.055746384,-0.13845196,0.09281089,-0.020201927,0.27501082,0.10331665,0.012985474,0.29849136,-0.13671641,0.090739936,-0.113081075,-0.16487642,0.0069069588,-0.53233385,-0.26057753,0.6385379,0.5517635,0.11787463,0.39040133,0.526497,0.20273638,0.17204985,0.6904123,0.19025272,0.13702457,0.74311495,-0.093215026,0.23355626,0.53139025,-0.2348969,0.4573389,0.54387003,-0.118217155,0.16841832,0.7706665,0.06195867,0.28028426,0.9605627,0.09816277,0.3519565,0.82329845,0.075408734,0.33777037,0.87984586,0.051161323,0.33255878,0.86766815,0.11696179,0.24625546,0.9120205,0.008331182,0.2355665,0.8856551,0.15915257,-0.0036082263104617596,0.2867510914802551,-0.016699880361557007
