frame,Ankle.R_x,Ankle.R_y,Ankle.R_z,Knee.R_x,Knee.R_y,Knee.R_z,Hip.R_x,Hip.R_y,Hip.R_z,Hip.L_x,Hip.L_y,Hip.L_z,Knee.L_x,Knee.L_y,Knee.L_z,Ankle.L_x,Ankle.L_y,Ankle.L_z,Wrist.R_x,Wrist.R_y,Wrist.R_z,Elbow.R_x,Elbow.R_y,Elbow.R_z,Shoulder.R_x,Shoulder.R_y,Shoulder.R_z,Shoulder.L_x,Shoulder.L_y,Shoulder.L_z,Elbow.L_x,Elbow.L_y,Elbow.L_z,Wrist.L_x,Wrist.L_y,Wrist.L_z,Neck_x,Neck_y,Neck_z,Head_x,Head_y,Head_z,Nose_x,Nose_y,Nose_z,Eye.L_x,Eye.L_y,Eye.L_z,Eye.R_x,Eye.R_y,Eye.R_z,Ear.L_x,Ear.L_y,Ear.L_z,Ear.R_x,Ear.R_y,Ear.R_z,hip.Center_x,hip.Center_y,hip.Center_z
0,-0.15379673,-0.4796344,-0.06267214,0.034285028,-0.1250788,0.052772064,-0.034593947,0.28367427,0.10224694,0.025836196,0.31116605,-0.13117054,0.12713574,-0.08720907,-0.11077067,-0.06791605,-0.4197683,-0.28440627,0.71368945,0.5431604,0.112606764,0.4699124,0.51171637,0.1911915,0.24701577,0.6657367,0.20694184,0.17979696,0.72535205,-0.08201963,0.18819894,0.5043038,-0.24740025,0.43026847,0.46845585,-0.28092685,0.23067594,0.7598866,0.07832353,0.28674528,0.9754819,0.11489007,0.40102994,0.87387466,0.079379216,0.3640424,0.9216744,0.058789477,0.3714133,0.90815413,0.12446335,0.26279664,0.9179208,0.026653491,0.27899098,0.88840497,0.17852844,-0.004378875717520714,0.2974201440811157,-0.014461800456047058
