frame,Ankle.R_x,Ankle.R_y,Ankle.R_z,Knee.R_x,Knee.R_y,Knee.R_z,Hip.R_x,Hip.R_y,Hip.R_z,Hip.L_x,Hip.L_y,Hip.L_z,Knee.L_x,Knee.L_y,Knee.L_z,Ankle.L_x,Ankle.L_y,Ankle.L_z,Wrist.R_x,Wrist.R_y,Wrist.R_z,Elbow.R_x,Elbow.R_y,Elbow.R_z,Shoulder.R_x,Shoulder.R_y,Shoulder.R_z,Shoulder.L_x,Shoulder.L_y,Shoulder.L_z,Elbow.L_x,Elbow.L_y,Elbow.L_z,Wrist.L_x,Wrist.L_y,Wrist.L_z,Neck_x,Neck_y,Neck_z,Head_x,Head_y,Head_z,Nose_x,Nose_y,Nose_z,Eye.L_x,Eye.L_y,Eye.L_z,Eye.R_x,Eye.R_y,Eye.R_z,Ear.L_x,Ear.L_y,Ear.L_z,Ear.R_x,Ear.R_y,Ear.R_z,hip.Center_x,hip.Center_y,hip.Center_z
0,-0.36021045,-0.41453117,-0.25158885,-0.27084786,-0.051419906,-0.0355624,-0.07217929,0.29660273,-0.12005612,0.07120563,0.27820924,0.081032515,0.02002787,-0.14212528,0.1008905,0.17549627,-0.50144374,-0.08829285,-0.24211031,0.5006085,-0.22461092,-0.018375434,0.5406658,-0.32543904,-0.07255744,0.75131476,-0.15512478,-0.036153663,0.7470524,0.14799984,-0.14764294,0.5097471,0.22965524,-0.37973464,0.57643205,0.15792914,-0.07635111,0.80711585,0.0036760718,-0.18747872,1.002621,0.038987264,-0.22812633,0.86406577,0.10306602,-0.20141423,0.92010915,0.111800015,-0.24246249,0.9083947,0.060170487,-0.10603891,0.95124,0.08301141,-0.19685648,0.9263226,-0.037740525,-0.00048682838678359985,0.28740596771240234,-0.01951180398464203
