frame,Ankle.R_x,Ankle.R_y,Ankle.R_z,Knee.R_x,Knee.R_y,Knee.R_z,Hip.R_x,Hip.R_y,Hip.R_z,Hip.L_x,Hip.L_y,Hip.L_z,Knee.L_x,Knee.L_y,Knee.L_z,Ankle.L_x,Ankle.L_y,Ankle.L_z,Wrist.R_x,Wrist.R_y,Wrist.R_z,Elbow.R_x,Elbow.R_y,Elbow.R_z,Shoulder.R_x,Shoulder.R_y,Shoulder.R_z,Shoulder.L_x,Shoulder.L_y,Shoulder.L_z,Elbow.L_x,Elbow.L_y,Elbow.L_z,Wrist.L_x,Wrist.L_y,Wrist.L_z,Neck_x,Neck_y,Neck_z,Head_x,Head_y,Head_z,Nose_x,Nose_y,Nose_z,Eye.L_x,Eye.L_y,Eye.L_z,Eye.R_x,Eye.R_y,Eye.R_z,Ear.L_x,Ear.L_y,Ear.L_z,Ear.R_x,Ear.R_y,Ear.R_z,hip.Center_x,hip.Center_y,hip.Center_z
0,-0.14854753,-0.42083362,-0.37804717,-0.19296035,-0.020945864,-0.23295125,0.058624506,0.2968306,-0.11356905,-0.06178405,0.24250577,0.08556469,0.019550828,-0.16735314,0.0450108,0.35367084,-0.4483282,0.0881687,0.16363874,0.5014973,-0.42608008,0.21085143,0.6083845,-0.20022538,0.007921704,0.734967,-0.074755594,-0.20534816,0.689414,0.11088287,-0.455307,0.5775207,0.09557467,-0.69801027,0.5883322,0.005082683,-0.11810213,0.7587894,0.018634338,-0.17777435,0.95712996,0.034877542,-0.2893269,0.85289526,0.00103724,-0.2632607,0.8880922,0.04465118,-0.2556019,0.9006944,-0.02018965,-0.1740431,0.87320715,0.09300111,-0.15253459,0.9007815,-0.05231929,-0.0015797726809978485,0.26966819167137146,-0.014002181589603424
