frame,Ankle.R_x,Ankle.R_y,Ankle.R_z,Knee.R_x,Knee.R_y,Knee.R_z,Hip.R_x,Hip.R_y,Hip.R_z,Hip.L_x,Hip.L_y,Hip.L_z,Knee.L_x,Knee.L_y,Knee.L_z,Ankle.L_x,Ankle.L_y,Ankle.L_z,Wrist.R_x,Wrist.R_y,Wrist.R_z,Elbow.R_x,Elbow.R_y,Elbow.R_z,Shoulder.R_x,Shoulder.R_y,Shoulder.R_z,Shoulder.L_x,Shoulder.L_y,Shoulder.L_z,Elbow.L_x,Elbow.L_y,Elbow.L_z,Wrist.L_x,Wrist.L_y,Wrist.L_z,Neck_x,Neck_y,Neck_z,Head_x,Head_y,Head_z,Nose_x,Nose_y,Nose_z,Eye.L_x,Eye.L_y,Eye.L_z,Eye.R_x,Eye.R_y,Eye.R_z,Ear.L_x,Ear.L_y,Ear.L_z,Ear.R_x,Ear.R_y,Ear.R_z,hip.Center_x,hip.Center_y,hip.Center_z
0,-0.3261338,-0.41023695,-0.20562765,-0.30948377,-0.034515865,0.015392646,-0.091692954,0.28634676,-0.109942324,0.09522102,0.27974615,0.056732714,0.06564864,-0.13283093,0.15354054,0.27131152,-0.47034493,-0.0455412,-0.46205184,0.4843634,-0.12423893,-0.23329845,0.4741326,-0.22503246,-0.17273045,0.7148561,-0.09693347,0.01342906,0.73519546,0.14088702,0.05194691,0.48481843,0.23785585,-0.18363424,0.5393532,0.30171826,-0.10448753,0.7822607,0.03379625,-0.1839109,0.98348844,0.059494574,-0.27531108,0.8582957,0.08466624,-0.24631129,0.90709376,0.11039302,-0.25829402,0.904567,0.044471495,-0.14234525,0.91594493,0.13276365,-0.17236535,0.9114976,-0.016612463,0.0017640329897403717,0.2830464541912079,-0.026604805141687393
