frame,Ankle.R_x,Ankle.R_y,Ankle.R_z,Knee.R_x,Knee.R_y,Knee.R_z,Hip.R_x,Hip.R_y,Hip.R_z,Hip.L_x,Hip.L_y,Hip.L_z,Knee.L_x,Knee.L_y,Knee.L_z,Ankle.L_x,Ankle.L_y,Ankle.L_z,Wrist.R_x,Wrist.R_y,Wrist.R_z,Elbow.R_x,Elbow.R_y,Elbow.R_z,Shoulder.R_x,Shoulder.R_y,Shoulder.R_z,Shoulder.L_x,Shoulder.L_y,Shoulder.L_z,Elbow.L_x,Elbow.L_y,Elbow.L_z,Wrist.L_x,Wrist.L_y,Wrist.L_z,Neck_x,Neck_y,Neck_z,Head_x,Head_y,Head_z,Nose_x,Nose_y,Nose_z,Eye.L_x,Eye.L_y,Eye.L_z,Eye.R_x,Eye.R_y,Eye.R_z,Ear.L_x,Ear.L_y,Ear.L_z,Ear.R_x,Ear.R_y,Ear.R_z,hip.Center_x,hip.Center_y,hip.Center_z
0,-0.2642595,-0.39514494,-0.08592405,0.039493356,-0.1509185,0.103811674,-0.06165345,0.27976164,0.095320344,0.04618278,0.27576396,-0.13762829,0.20747654,-0.08236759,-0.013809876,0.09762566,-0.497854,-0.12853529,0.6044431,0.06805467,0.14164168,0.39695287,0.22033066,0.22012314,0.32278,0.49312517,0.19838926,0.35207316,0.5188218,-0.0816891,0.38410938,0.26134622,-0.1896866,0.6045423,0.1715118,-0.083134174,0.375835,0.54998285,0.07137157,0.56254655,0.6574774,0.11544764,0.5545112,0.50243646,0.11252785,0.5754935,0.55304456,0.08280295,0.55651104,0.55399036,0.14745647,0.5213846,0.62243545,0.02430929,0.47946364,0.6237165,0.1708137,-0.00773533433675766,0.2777628004550934,-0.021153971552848816
