frame,Ankle.R_x,Ankle.R_y,Ankle.R_z,Knee.R_x,Knee.R_y,Knee.R_z,Hip.R_x,Hip.R_y,Hip.R_z,Hip.L_x,Hip.L_y,Hip.L_z,Knee.L_x,Knee.L_y,Knee.L_z,Ankle.L_x,Ankle.L_y,Ankle.L_z,Wrist.R_x,Wrist.R_y,Wrist.R_z,Elbow.R_x,Elbow.R_y,Elbow.R_z,Shoulder.R_x,Shoulder.R_y,Shoulder.R_z,Shoulder.L_x,Shoulder.L_y,Shoulder.L_z,Elbow.L_x,Elbow.L_y,Elbow.L_z,Wrist.L_x,Wrist.L_y,Wrist.L_z,Neck_x,Neck_y,Neck_z,Head_x,Head_y,Head_z,Nose_x,Nose_y,Nose_z,Eye.L_x,Eye.L_y,Eye.L_z,Eye.R_x,Eye.R_y,Eye.R_z,Ear.L_x,Ear.L_y,Ear.L_z,Ear.R_x,Ear.R_y,Ear.R_z,hip.Center_x,hip.Center_y,hip.Center_z
0,-0.032874934,-0.4807529,-0.29214597,-0.16545786,-0.09506683,-0.1488503,-0.011409268,0.29368943,-0.14032732,0.016194642,0.25205094,0.10525949,-0.14290501,-0.1208906,0.08218683,-0.055844247,-0.540629,-0.0129742455,-0.41695827,0.2429366,-0.3258737,-0.22871774,0.41729808,-0.283381,-0.28216684,0.60700905,-0.09286131,-0.341571,0.4947053,0.16350405,-0.45034456,0.24015476,0.13525479,-0.6765055,0.12854278,0.0643372,-0.35001752,0.5925156,0.05002942,-0.52742434,0.7178689,0.07750449,-0.53735405,0.56210434,0.07412115,-0.53892255,0.6118772,0.10949202,-0.5495031,0.6142774,0.043646026,-0.45918512,0.6705766,0.13962679,-0.48125595,0.67943025,-0.008647437,0.002392686903476715,0.27287018299102783,-0.017533913254737854
