frame,Ankle.R_x,Ankle.R_y,Ankle.R_z,Knee.R_x,Knee.R_y,Knee.R_z,Hip.R_x,Hip.R_y,Hip.R_z,Hip.L_x,Hip.L_y,Hip.L_z,Knee.L_x,Knee.L_y,Knee.L_z,Ankle.L_x,Ankle.L_y,Ankle.L_z,Wrist.R_x,Wrist.R_y,Wrist.R_z,Elbow.R_x,Elbow.R_y,Elbow.R_z,Shoulder.R_x,Shoulder.R_y,Shoulder.R_z,Shoulder.L_x,Shoulder.L_y,Shoulder.L_z,Elbow.L_x,Elbow.L_y,Elbow.L_z,Wrist.L_x,Wrist.L_y,Wrist.L_z,Neck_x,Neck_y,Neck_z,Head_x,Head_y,Head_z,Nose_x,Nose_y,Nose_z,Eye.L_x,Eye.L_y,Eye.L_z,Eye.R_x,Eye.R_y,Eye.R_z,Ear.L_x,Ear.L_y,Ear.L_z,Ear.R_x,Ear.R_y,Ear.R_z,hip.Center_x,hip.Center_y,hip.Center_z
0,0.34205705,-0.4896144,-0.041465264,0.21258977,-0.072992355,0.065512896,-0.01705552,0.27254587,0.11034542,-0.0121660745,0.30950966,-0.1451498,0.14916708,-0.095753245,-0.17111608,-0.02795936,-0.51186806,-0.14940298,0.6379644,0.14620568,0.07996077,0.40426338,0.25293586,0.17324704,0.32817593,0.5325688,0.1777491,0.32489657,0.599117,-0.108051375,0.33307865,0.34608343,-0.24188761,0.5331218,0.20404136,-0.13483031,0.36407125,0.61134064,0.04884123,0.55050004,0.7297131,0.08149323,0.5511805,0.5721717,0.07341641,0.565829,0.6263273,0.043785255,0.55239,0.6239815,0.110447936,0.50208586,0.6949767,-0.0107991565,0.47263598,0.6890342,0.14311893,-0.01461079716682434,0.2910277843475342,-0.01740218698978424
