frame,Ankle.R_x,Ankle.R_y,Ankle.R_z,Knee.R_x,Knee.R_y,Knee.R_z,Hip.R_x,Hip.R_y,Hip.R_z,Hip.L_x,Hip.L_y,Hip.L_z,Knee.L_x,Knee.L_y,Knee.L_z,Ankle.L_x,Ankle.L_y,Ankle.L_z,Wrist.R_x,Wrist.R_y,Wrist.R_z,Elbow.R_x,Elbow.R_y,Elbow.R_z,Shoulder.R_x,Shoulder.R_y,Shoulder.R_z,Shoulder.L_x,Shoulder.L_y,Shoulder.L_z,Elbow.L_x,Elbow.L_y,Elbow.L_z,Wrist.L_x,Wrist.L_y,Wrist.L_z,Neck_x,Neck_y,Neck_z,Head_x,Head_y,Head_z,Nose_x,Nose_y,Nose_z,Eye.L_x,Eye.L_y,Eye.L_z,Eye.R_x,Eye.R_y,Eye.R_z,Ear.L_x,Ear.L_y,Ear.L_z,Ear.R_x,Ear.R_y,Ear.R_z,hip.Center_x,hip.Center_y,hip.Center_z
0,-0.14667939,-0.41731736,-0.0941253,-0.25575942,-0.039295115,0.08352645,-0.07974954,0.25335765,-0.12695566,0.07439932,0.28204212,0.07204008,0.18848749,-0.12356976,0.11867843,0.42904794,-0.45747602,-0.0640335,-0.44701055,0.15006007,-0.15230574,-0.27843317,0.33737707,-0.22536214,-0.3091888,0.5706956,-0.07324949,-0.2802078,0.5285584,0.2062804,-0.37623087,0.26467535,0.2020915,-0.5952505,0.13025595,0.13798103,-0.32636037,0.59889245,0.086174555,-0.49344933,0.7257317,0.14742073,-0.48390818,0.5752322,0.18172595,-0.4791569,0.63238645,0.2030407,-0.51271325,0.6172447,0.1476969,-0.40199965,0.6983666,0.1870167,-0.47626048,0.6690675,0.06161086,-0.0026751086115837097,0.2676998972892761,-0.027457788586616516
