frame,Ankle.R_x,Ankle.R_y,Ankle.R_z,Knee.R_x,Knee.R_y,Knee.R_z,Hip.R_x,Hip.R_y,Hip.R_z,Hip.L_x,Hip.L_y,Hip.L_z,Knee.L_x,Knee.L_y,Knee.L_z,Ankle.L_x,Ankle.L_y,Ankle.L_z,Wrist.R_x,Wrist.R_y,Wrist.R_z,Elbow.R_x,Elbow.R_y,Elbow.R_z,Shoulder.R_x,Shoulder.R_y,Shoulder.R_z,Shoulder.L_x,Shoulder.L_y,Shoulder.L_z,Elbow.L_x,Elbow.L_y,Elbow.L_z,Wrist.L_x,Wrist.L_y,Wrist.L_z,Neck_x,Neck_y,Neck_z,Head_x,Head_y,Head_z,Nose_x,Nose_y,Nose_z,Eye.L_x,Eye.L_y,Eye.L_z,Eye.R_x,Eye.R_y,Eye.R_z,Ear.L_x,Ear.L_y,Ear.L_z,Ear.R_x,Ear.R_y,Ear.R_z,hip.Center_x,hip.Center_y,hip.Center_z
0,-0.14958416,-0.42114812,-0.086340755,-0.2635015,-0.03700014,0.073820114,-0.07657841,0.25300345,-0.1287276,0.07257093,0.28204706,0.07352179,0.17783783,-0.12574919,0.12660272,0.4129542,-0.46163595,-0.058097783,-0.4317633,0.15266159,-0.16688205,-0.2631956,0.33967143,-0.23840165,-0.303896,0.5719247,-0.08668196,-0.28181928,0.53528404,0.19525957,-0.3741153,0.27013993,0.19789287,-0.5892719,0.13143487,0.1310398,-0.32554442,0.6025393,0.07199984,-0.49610943,0.7269974,0.12863663,-0.48558867,0.57612807,0.16067003,-0.4825086,0.6328734,0.18313159,-0.5137139,0.61832494,0.12632865,-0.40583298,0.7002232,0.17119446,-0.47488827,0.6721779,0.042665318,-0.002003740519285202,0.26752525568008423,-0.0276029035449028
