frame,Ankle.R_x,Ankle.R_y,Ankle.R_z,Knee.R_x,Knee.R_y,Knee.R_z,Hip.R_x,Hip.R_y,Hip.R_z,Hip.L_x,Hip.L_y,Hip.L_z,Knee.L_x,Knee.L_y,Knee.L_z,Ankle.L_x,Ankle.L_y,Ankle.L_z,Wrist.R_x,Wrist.R_y,Wrist.R_z,Elbow.R_x,Elbow.R_y,Elbow.R_z,Shoulder.R_x,Shoulder.R_y,Shoulder.R_z,Shoulder.L_x,Shoulder.L_y,Shoulder.L_z,Elbow.L_x,Elbow.L_y,Elbow.L_z,Wrist.L_x,Wrist.L_y,Wrist.L_z,Neck_x,Neck_y,Neck_z,Head_x,Head_y,Head_z,Nose_x,Nose_y,Nose_z,Eye.L_x,Eye.L_y,Eye.L_z,Eye.R_x,Eye.R_y,Eye.R_z,Ear.L_x,Ear.L_y,Ear.L_z,Ear.R_x,Ear.R_y,Ear.R_z,hip.Center_x,hip.Center_y,hip.Center_z
0,-0.07687889,-0.41886622,-0.08876867,-0.22753927,-0.056237258,0.08878752,-0.08308309,0.2508383,-0.12408717,0.072347015,0.2856773,0.07098007,0.2399362,-0.09803505,0.09683177,0.47322765,-0.46335745,-0.020905506,-0.46592116,0.16768783,-0.22552606,-0.29184526,0.3617362,-0.25226238,-0.33182964,0.56009364,-0.05684594,-0.31168634,0.4941944,0.21988693,-0.41428077,0.2324351,0.21908046,-0.65072227,0.12340494,0.17867596,-0.35521945,0.57219213,0.104181804,-0.5172576,0.70171344,0.17081204,-0.51757073,0.54943013,0.19903909,-0.50951517,0.6056973,0.22266503,-0.54371715,0.5945173,0.16667445,-0.42804086,0.6668679,0.20961377,-0.50341076,0.6476122,0.08304752,-0.005368039011955261,0.2682577967643738,-0.026553548872470856
