frame,Ankle.R_x,Ankle.R_y,Ankle.R_z,Knee.R_x,Knee.R_y,Knee.R_z,Hip.R_x,Hip.R_y,Hip.R_z,Hip.L_x,Hip.L_y,Hip.L_z,Knee.L_x,Knee.L_y,Knee.L_z,Ankle.L_x,Ankle.L_y,Ankle.L_z,Wrist.R_x,Wrist.R_y,Wrist.R_z,Elbow.R_x,Elbow.R_y,Elbow.R_z,Shoulder.R_x,Shoulder.R_y,Shoulder.R_z,Shoulder.L_x,Shoulder.L_y,Shoulder.L_z,Elbow.L_x,Elbow.L_y,Elbow.L_z,Wrist.L_x,Wrist.L_y,Wrist.L_z,Neck_x,Neck_y,Neck_z,Head_x,Head_y,Head_z,Nose_x,Nose_y,Nose_z,Eye.L_x,Eye.L_y,Eye.L_z,Eye.R_x,Eye.R_y,Eye.R_z,Ear.L_x,Ear.L_y,Ear.L_z,Ear.R_x,Ear.R_y,Ear.R_z,hip.Center_x,hip.Center_y,hip.Center_z
0,-0.30037433,-0.45769534,-0.27672476,-0.21281528,-0.08274763,-0.074155785,-0.04135415,0.2860124,-0.1346415,0.04311629,0.25893116,0.09834954,-0.048378035,-0.1482334,0.10606493,0.093757756,-0.5455704,-0.01730172,-0.3563942,0.23083633,-0.32405967,-0.1898916,0.42706496,-0.28728318,-0.2667942,0.60798967,-0.09076262,-0.31414926,0.5119806,0.17754935,-0.41109765,0.24891683,0.16831961,-0.6332578,0.12714441,0.10210274,-0.33016217,0.6026337,0.0587896,-0.50808924,0.7245262,0.09804599,-0.5151027,0.5692974,0.09154906,-0.51530373,0.618354,0.12810165,-0.5300547,0.62179005,0.06324851,-0.4348892,0.67790747,0.15452167,-0.46683812,0.688534,0.008792793,0.0008810702711343765,0.2724717855453491,-0.018145978450775146
