frame,Ankle.R_x,Ankle.R_y,Ankle.R_z,Knee.R_x,Knee.R_y,Knee.R_z,Hip.R_x,Hip.R_y,Hip.R_z,Hip.L_x,Hip.L_y,Hip.L_z,Knee.L_x,Knee.L_y,Knee.L_z,Ankle.L_x,Ankle.L_y,Ankle.L_z,Wrist.R_x,Wrist.R_y,Wrist.R_z,Elbow.R_x,Elbow.R_y,Elbow.R_z,Shoulder.R_x,Shoulder.R_y,Shoulder.R_z,Shoulder.L_x,Shoulder.L_y,Shoulder.L_z,Elbow.L_x,Elbow.L_y,Elbow.L_z,Wrist.L_x,Wrist.L_y,Wrist.L_z,Neck_x,Neck_y,Neck_z,Head_x,Head_y,Head_z,Nose_x,Nose_y,Nose_z,Eye.L_x,Eye.L_y,Eye.L_z,Eye.R_x,Eye.R_y,Eye.R_z,Ear.L_x,Ear.L_y,Ear.L_z,Ear.R_x,Ear.R_y,Ear.R_z,hip.Center_x,hip.Center_y,hip.Center_z
0,-0.24740286,-0.41770828,-0.14401624,-0.27794194,-0.03646507,0.058888674,-0.0796237,0.25890607,-0.1257422,0.07890352,0.2782554,0.068876676,0.1391793,-0.12328867,0.16927125,0.37608618,-0.46805775,0.009473013,-0.42168322,0.21065742,-0.16254084,-0.23842406,0.37647298,-0.24091312,-0.27217755,0.5985156,-0.07592334,-0.24050726,0.5581329,0.20615047,-0.34843644,0.29997432,0.22140896,-0.5748069,0.17545979,0.16885614,-0.28609437,0.6266195,0.08421094,-0.4531104,0.74965507,0.14958344,-0.44164512,0.5980433,0.17602506,-0.4379934,0.6535482,0.2003699,-0.47036922,0.6413802,0.14383459,-0.36198938,0.7217697,0.18912756,-0.43388563,0.6978078,0.061025687,-0.0003600902855396271,0.26858073472976685,-0.028432760387659073
