frame,Ankle.R_x,Ankle.R_y,Ankle.R_z,Knee.R_x,Knee.R_y,Knee.R_z,Hip.R_x,Hip.R_y,Hip.R_z,Hip.L_x,Hip.L_y,Hip.L_z,Knee.L_x,Knee.L_y,Knee.L_z,Ankle.L_x,Ankle.L_y,Ankle.L_z,Wrist.R_x,Wrist.R_y,Wrist.R_z,Elbow.R_x,Elbow.R_y,Elbow.R_z,Shoulder.R_x,Shoulder.R_y,Shoulder.R_z,Shoulder.L_x,Shoulder.L_y,Shoulder.L_z,Elbow.L_x,Elbow.L_y,Elbow.L_z,Wrist.L_x,Wrist.L_y,Wrist.L_z,Neck_x,Neck_y,Neck_z,Head_x,Head_y,Head_z,Nose_x,Nose_y,Nose_z,Eye.L_x,Eye.L_y,Eye.L_z,Eye.R_x,Eye.R_y,Eye.R_z,Ear.L_x,Ear.L_y,Ear.L_z,Ear.R_x,Ear.R_y,Ear.R_z,hip.Center_x,hip.Center_y,hip.Center_z
0,0.28488642,-0.5024369,-0.08891522,0.20726329,-0.0828194,0.029104497,0.004056249,0.26662722,0.10910413,-0.024783218,0.30969143,-0.14074719,0.088875815,-0.10858348,-0.1833483,-0.11333161,-0.5079941,-0.15794115,0.6806035,0.17435046,0.062020157,0.44749448,0.26958555,0.15818125,0.33912992,0.53627294,0.15955096,0.29567358,0.62994283,-0.115473226,0.26774633,0.405581,-0.28607488,0.4620946,0.24070992,-0.22283618,0.3555032,0.627063,0.036533646,0.53540885,0.75500077,0.06393713,0.54565525,0.59941554,0.043814592,0.5544815,0.65610373,0.017469604,0.5469185,0.6481558,0.08428677,0.48225966,0.7232257,-0.025559735,0.46686658,0.70455176,0.12741098,-0.010363484732806683,0.2881593108177185,-0.015821531414985657
