frame,Ankle.R_x,Ankle.R_y,Ankle.R_z,Knee.R_x,Knee.R_y,Knee.R_z,Hip.R_x,Hip.R_y,Hip.R_z,Hip.L_x,Hip.L_y,Hip.L_z,Knee.L_x,Knee.L_y,Knee.L_z,Ankle.L_x,Ankle.L_y,Ankle.L_z,Wrist.R_x,Wrist.R_y,Wrist.R_z,Elbow.R_x,Elbow.R_y,Elbow.R_z,Shoulder.R_x,Shoulder.R_y,Shoulder.R_z,Shoulder.L_x,Shoulder.L_y,Shoulder.L_z,Elbow.L_x,Elbow.L_y,Elbow.L_z,Wrist.L_x,Wrist.L_y,Wrist.L_z,Neck_x,Neck_y,Neck_z,Head_x,Head_y,Head_z,Nose_x,Nose_y,Nose_z,Eye.L_x,Eye.L_y,Eye.L_z,Eye.R_x,Eye.R_y,Eye.R_z,Ear.L_x,Ear.L_y,Ear.L_z,Ear.R_x,Ear.R_y,Ear.R_z,hip.Center_x,hip.Center_y,hip.Center_z
0,-0.28860506,-0.44532138,-0.13669543,-0.07818067,-0.15416116,0.11261129,-0.09551141,0.28052655,0.06816106,0.07884739,0.27880427,-0.11506073,0.26433945,-0.02320541,0.06728286,0.29284582,-0.44923395,-0.049398914,0.49392918,0.17309023,0.17490058,0.28070843,0.30620652,0.26377267,0.21259417,0.5772808,0.23864803,0.27671212,0.6044284,-0.045030594,0.25762016,0.36629918,-0.19441211,0.44296092,0.21661516,-0.09843031,0.28064215,0.64292467,0.11445457,0.43231478,0.79605156,0.16770718,0.4647148,0.6440632,0.16956656,0.4733296,0.6978732,0.13918878,0.45179126,0.6953648,0.203053,0.40619785,0.7489037,0.07691091,0.3580432,0.7426754,0.22169004,-0.008332006633281708,0.27966541051864624,-0.023449834436178207
