frame,Ankle.R_x,Ankle.R_y,Ankle.R_z,Knee.R_x,Knee.R_y,Knee.R_z,Hip.R_x,Hip.R_y,Hip.R_z,Hip.L_x,Hip.L_y,Hip.L_z,Knee.L_x,Knee.L_y,Knee.L_z,Ankle.L_x,Ankle.L_y,Ankle.L_z,Wrist.R_x,Wrist.R_y,Wrist.R_z,Elbow.R_x,Elbow.R_y,Elbow.R_z,Shoulder.R_x,Shoulder.R_y,Shoulder.R_z,Shoulder.L_x,Shoulder.L_y,Shoulder.L_z,Elbow.L_x,Elbow.L_y,Elbow.L_z,Wrist.L_x,Wrist.L_y,Wrist.L_z,Neck_x,Neck_y,Neck_z,Head_x,Head_y,Head_z,Nose_x,Nose_y,Nose_z,Eye.L_x,Eye.L_y,Eye.L_z,Eye.R_x,Eye.R_y,Eye.R_z,Ear.L_x,Ear.L_y,Ear.L_z,Ear.R_x,Ear.R_y,Ear.R_z,hip.Center_x,hip.Center_y,hip.Center_z
0,0.0067839525,-0.54623526,-0.23743057,-0.097927414,-0.12901415,-0.15230829,0.00059532444,0.2921136,-0.14167947,0.0061983624,0.25053084,0.10528495,-0.19948368,-0.095697954,0.055567317,-0.34991717,-0.50173646,-0.022804469,-0.4081626,0.3089006,-0.32638708,-0.18844423,0.44325382,-0.29358578,-0.23358469,0.64014965,-0.1059517,-0.3082275,0.5341842,0.15085849,-0.4242819,0.27937257,0.12654674,-0.6579507,0.18857369,0.050473068,-0.30565974,0.6328256,0.03649001,-0.45881084,0.78199255,0.061723158,-0.4989825,0.6309407,0.051254533,-0.49257988,0.6792728,0.08903452,-0.49854386,0.6856803,0.022561852,-0.40427795,0.72017956,0.12614901,-0.41614997,0.73734885,-0.023467347,0.003396843560039997,0.27132222056388855,-0.018197257071733475
