frame,Ankle.R_x,Ankle.R_y,Ankle.R_z,Knee.R_x,Knee.R_y,Knee.R_z,Hip.R_x,Hip.R_y,Hip.R_z,Hip.L_x,Hip.L_y,Hip.L_z,Knee.L_x,Knee.L_y,Knee.L_z,Ankle.L_x,Ankle.L_y,Ankle.L_z,Wrist.R_x,Wrist.R_y,Wrist.R_z,Elbow.R_x,Elbow.R_y,Elbow.R_z,Shoulder.R_x,Shoulder.R_y,Shoulder.R_z,Shoulder.L_x,Shoulder.L_y,Shoulder.L_z,Elbow.L_x,Elbow.L_y,Elbow.L_z,Wrist.L_x,Wrist.L_y,Wrist.L_z,Neck_x,Neck_y,Neck_z,Head_x,Head_y,Head_z,Nose_x,Nose_y,Nose_z,Eye.L_x,Eye.L_y,Eye.L_z,Eye.R_x,Eye.R_y,Eye.R_z,Ear.L_x,Ear.L_y,Ear.L_z,Ear.R_x,Ear.R_y,Ear.R_z,hip.Center_x,hip.Center_y,hip.Center_z
0,-0.42692626,-0.45187968,-0.10093138,-0.18303205,-0.13127424,0.07417723,-0.07707709,0.2855317,0.08000386,0.07069334,0.2718521,-0.121310055,0.2580337,-0.03433243,0.023421835,0.21650118,-0.4500131,-0.10559418,0.5911584,0.12396217,0.15002851,0.38783455,0.2692207,0.2416202,0.2980268,0.5321156,0.21744458,0.32080048,0.57111585,-0.06372596,0.31034318,0.36382157,-0.25108403,0.5135144,0.21299465,-0.20997617,0.34748623,0.5933411,0.091171786,0.52403295,0.71441793,0.13387655,0.5314666,0.5605897,0.1177402,0.5451426,0.61518776,0.091578856,0.5310144,0.60911065,0.15710023,0.48066074,0.6823723,0.04376218,0.4492143,0.66749585,0.19170886,-0.003191877156496048,0.2786918878555298,-0.020653098821640015
