frame,Ankle.R_x,Ankle.R_y,Ankle.R_z,Knee.R_x,Knee.R_y,Knee.R_z,Hip.R_x,Hip.R_y,Hip.R_z,Hip.L_x,Hip.L_y,Hip.L_z,Knee.L_x,Knee.L_y,Knee.L_z,Ankle.L_x,Ankle.L_y,Ankle.L_z,Wrist.R_x,Wrist.R_y,Wrist.R_z,Elbow.R_x,Elbow.R_y,Elbow.R_z,Shoulder.R_x,Shoulder.R_y,Shoulder.R_z,Shoulder.L_x,Shoulder.L_y,Shoulder.L_z,Elbow.L_x,Elbow.L_y,Elbow.L_z,Wrist.L_x,Wrist.L_y,Wrist.L_z,Neck_x,Neck_y,Neck_z,Head_x,Head_y,Head_z,Nose_x,Nose_y,Nose_z,Eye.L_x,Eye.L_y,Eye.L_z,Eye.R_x,Eye.R_y,Eye.R_z,Ear.L_x,Ear.L_y,Ear.L_z,Ear.R_x,Ear.R_y,Ear.R_z,hip.Center_x,hip.Center_y,hip.Center_z
0,-0.32985908,-0.4107291,-0.22883403,-0.2758273,-0.05204766,0.011032733,-0.07504259,0.26974496,-0.12596728,0.07806045,0.27278364,0.074095935,0.05116419,-0.12890099,0.18861994,0.28712314,-0.45417413,0.007268541,-0.40715492,0.23311108,-0.12446104,-0.21615532,0.37869543,-0.21690312,-0.24759355,0.61610574,-0.07825407,-0.20939408,0.580835,0.20755786,-0.29539388,0.3158098,0.21504615,-0.5178538,0.18903618,0.1610699,-0.26056096,0.6498465,0.08103811,-0.438472,0.7687342,0.13635096,-0.42373353,0.6159677,0.14925614,-0.42584527,0.66838807,0.17919508,-0.44957536,0.66161686,0.11781495,-0.35160586,0.7399602,0.1855287,-0.4051109,0.7268569,0.046957947,0.0015089288353919983,0.27126431465148926,-0.025935672223567963
