frame,Ankle.R_x,Ankle.R_y,Ankle.R_z,Knee.R_x,Knee.R_y,Knee.R_z,Hip.R_x,Hip.R_y,Hip.R_z,Hip.L_x,Hip.L_y,Hip.L_z,Knee.L_x,Knee.L_y,Knee.L_z,Ankle.L_x,Ankle.L_y,Ankle.L_z,Wrist.R_x,Wrist.R_y,Wrist.R_z,Elbow.R_x,Elbow.R_y,Elbow.R_z,Shoulder.R_x,Shoulder.R_y,Shoulder.R_z,Shoulder.L_x,Shoulder.L_y,Shoulder.L_z,Elbow.L_x,Elbow.L_y,Elbow.L_z,Wrist.L_x,Wrist.L_y,Wrist.L_z,Neck_x,Neck_y,Neck_z,Head_x,Head_y,Head_z,Nose_x,Nose_y,Nose_z,Eye.L_x,Eye.L_y,Eye.L_z,Eye.R_x,Eye.R_y,Eye.R_z,Ear.L_x,Ear.L_y,Ear.L_z,Ear.R_x,Ear.R_y,Ear.R_z,hip.Center_x,hip.Center_y,hip.Center_z
0,0.19986816,-0.4642956,-0.17302653,-0.07105704,-0.13418676,-0.19149466,0.02343375,0.28206906,-0.13892606,-0.010526221,0.25623956,0.10552698,-0.27499393,-0.032567907,0.06822081,-0.27797192,-0.46485543,0.011608964,-0.3809744,0.26503485,-0.43524414,-0.18820629,0.41417265,-0.35005245,-0.24374634,0.6019617,-0.15845242,-0.32388458,0.52673596,0.1039436,-0.42861181,0.27712283,0.16450298,-0.66550785,0.18393794,0.122018255,-0.3218897,0.60151315,-0.024338625,-0.4974296,0.7207356,-0.021316085,-0.5079474,0.56616855,-0.034694586,-0.5153293,0.61325383,0.0027335845,-0.5133679,0.6200409,-0.06359926,-0.44264248,0.67019457,0.049460478,-0.4365013,0.68572474,-0.09964818,0.006453764624893665,0.26915431022644043,-0.016699541360139847
