frame,Ankle.R_x,Ankle.R_y,Ankle.R_z,Knee.R_x,Knee.R_y,Knee.R_z,Hip.R_x,Hip.R_y,Hip.R_z,Hip.L_x,Hip.L_y,Hip.L_z,Knee.L_x,Knee.L_y,Knee.L_z,Ankle.L_x,Ankle.L_y,Ankle.L_z,Wrist.R_x,Wrist.R_y,Wrist.R_z,Elbow.R_x,Elbow.R_y,Elbow.R_z,Shoulder.R_x,Shoulder.R_y,Shoulder.R_z,Shoulder.L_x,Shoulder.L_y,Shoulder.L_z,Elbow.L_x,Elbow.L_y,Elbow.L_z,Wrist.L_x,Wrist.L_y,Wrist.L_z,Neck_x,Neck_y,Neck_z,Head_x,Head_y,Head_z,Nose_x,Nose_y,Nose_z,Eye.L_x,Eye.L_y,Eye.L_z,Eye.R_x,Eye.R_y,Eye.R_z,Ear.L_x,Ear.L_y,Ear.L_z,Ear.R_x,Ear.R_y,Ear.R_z,hip.Center_x,hip.Center_y,hip.Center_z
0,-0.023936676,-0.45950085,-0.15314044,-0.19978993,-0.10679573,0.02511592,-0.0637235,0.25795662,-0.13703294,0.06271815,0.271153,0.085544154,-0.014695629,-0.13563937,0.18430984,0.30187505,-0.36010885,-0.0208567,-0.5120195,0.21249627,-0.14575145,-0.31676573,0.36116284,-0.23357922,-0.30123124,0.582037,-0.06824287,-0.28411976,0.52369714,0.2056068,-0.4135651,0.27790007,0.2183092,-0.64750886,0.1654942,0.16976944,-0.32122058,0.59775853,0.085527465,-0.48734587,0.72801816,0.12879217,-0.49503493,0.57520777,0.15186924,-0.49086627,0.6291002,0.17860527,-0.51365477,0.6213085,0.116843164,-0.40826645,0.69010514,0.18279424,-0.4578198,0.67585,0.044260707,-0.0005026720464229584,0.26455479860305786,-0.025744393467903137
