frame,Ankle.R_x,Ankle.R_y,Ankle.R_z,Knee.R_x,Knee.R_y,Knee.R_z,Hip.R_x,Hip.R_y,Hip.R_z,Hip.L_x,Hip.L_y,Hip.L_z,Knee.L_x,Knee.L_y,Knee.L_z,Ankle.L_x,Ankle.L_y,Ankle.L_z,Wrist.R_x,Wrist.R_y,Wrist.R_z,Elbow.R_x,Elbow.R_y,Elbow.R_z,Shoulder.R_x,Shoulder.R_y,Shoulder.R_z,Shoulder.L_x,Shoulder.L_y,Shoulder.L_z,Elbow.L_x,Elbow.L_y,Elbow.L_z,Wrist.L_x,Wrist.L_y,Wrist.L_z,Neck_x,Neck_y,Neck_z,Head_x,Head_y,Head_z,Nose_x,Nose_y,Nose_z,Eye.L_x,Eye.L_y,Eye.L_z,Eye.R_x,Eye.R_y,Eye.R_z,Ear.L_x,Ear.L_y,Ear.L_z,Ear.R_x,Ear.R_y,Ear.R_z,hip.Center_x,hip.Center_y,hip.Center_z
0,0.22016318,-0.47056216,-0.18197742,-0.054667767,-0.13932662,-0.17967461,0.012807282,0.28453624,-0.14120542,-0.0052008717,0.25509948,0.105878025,-0.23588015,-0.064258344,0.08679963,-0.19946672,-0.49683246,0.029967515,-0.3066875,0.2511128,-0.45080507,-0.16817927,0.44156492,-0.34080744,-0.27742577,0.587883,-0.13199887,-0.34961677,0.48098925,0.1242355,-0.45310262,0.22443709,0.15975568,-0.6827852,0.116595715,0.09799541,-0.35574344,0.5673876,0.005999918,-0.5387635,0.6735564,0.031855673,-0.5393316,0.5181078,0.021860633,-0.54469216,0.56560117,0.059341483,-0.55348724,0.5706537,-0.006643504,-0.47045425,0.6283482,0.093535304,-0.4880904,0.6414849,-0.054756995,0.0038032049778848886,0.26981785893440247,-0.01766369491815567
