frame,Ankle.R_x,Ankle.R_y,Ankle.R_z,Knee.R_x,Knee.R_y,Knee.R_z,Hip.R_x,Hip.R_y,Hip.R_z,Hip.L_x,Hip.L_y,Hip.L_z,Knee.L_x,Knee.L_y,Knee.L_z,Ankle.L_x,Ankle.L_y,Ankle.L_z,Wrist.R_x,Wrist.R_y,Wrist.R_z,Elbow.R_x,Elbow.R_y,Elbow.R_z,Shoulder.R_x,Shoulder.R_y,Shoulder.R_z,Shoulder.L_x,Shoulder.L_y,Shoulder.L_z,Elbow.L_x,Elbow.L_y,Elbow.L_z,Wrist.L_x,Wrist.L_y,Wrist.L_z,Neck_x,Neck_y,Neck_z,Head_x,Head_y,Head_z,Nose_x,Nose_y,Nose_z,Eye.L_x,Eye.L_y,Eye.L_z,Eye.R_x,Eye.R_y,Eye.R_z,Ear.L_x,Ear.L_y,Ear.L_z,Ear.R_x,Ear.R_y,Ear.R_z,hip.Center_x,hip.Center_y,hip.Center_z
0,-0.29864448,-0.45353818,-0.13398905,-0.09279088,-0.15377536,0.10959551,-0.094397604,0.2798688,0.06820156,0.078840934,0.27690172,-0.11510132,0.26613814,-0.02251819,0.06800135,0.284061,-0.4462222,-0.055257764,0.5001599,0.16459896,0.16889715,0.2921003,0.3026904,0.2619995,0.21670511,0.572066,0.23750459,0.27533835,0.6044917,-0.045093812,0.25983694,0.37303632,-0.20374659,0.44822007,0.22411714,-0.114064544,0.28147244,0.6387235,0.114472635,0.43584898,0.7868304,0.17023017,0.46281418,0.6340964,0.17278321,0.47416803,0.6874058,0.14275214,0.45081788,0.6857524,0.20588502,0.41063285,0.74073744,0.07886121,0.35865435,0.73622155,0.22185138,-0.007778335362672806,0.2783852815628052,-0.023449882864952087
